0.0007211538461538477,0.009932575103176886,0.00041946308724832295,0.01339526773604834,0.0014178482068390342,0.006534718534277131,0.0038365304420350287,0.005015239337641297
1.63,424452,1.57,3738887.0,1.25,311113,1.61,1470628.0
1.8,784322,1.91,6983082.0,1.35,857570,1.86,2409035.0
1.86,832797,1.9,7541685.0,1.43,865343,2.08,2121188.0
1.86,823662,1.74,7487367.0,1.5,867172,1.85,2194635.0
2.02,596765,2.1,5765184.0,1.43,748331,1.74,2183400.0
1.8,804594,1.78,8896725.0,1.47,992167,2.04,2105833.0
1.45,686242,1.49,4895659.0,1.14,590196,1.67,1303327.0
1.78,955411,1.38,10853999.0,1.29,1075604,1.71,2375387.0
1.66,792329,1.58,8045641.0,1.33,853737,1.86,2065065.0
1.62,903879,1.55,7728475.0,1.42,1006331,1.83,2016818.0
1.61,853840,1.6,6993558.0,1.38,780217,1.74,2190103.0
1.87,594359,1.78,5206207.0,1.49,884290,2.01,1789321.0
1.85,778936,1.69,6945513.0,1.61,1110710,1.96,2147508.0
1.47,470905,1.43,4315991.0,1.44,620937,1.68,1196470.0
1.98,976398,1.69,7262795.0,1.58,1032027,2.25,2116592.0
1.87,834822,1.6,6969435.0,1.62,907501,1.98,1890892.0
1.74,912271,1.43,7330826.0,1.64,772449,1.85,2281194.0
1.68,906188,1.44,7734863.0,1.6,893303,1.68,2140501.0
1.95,600615,1.67,5566106.0,1.7,748098,1.78,1575053.0
1.75,824953,1.44,7334771.0,1.63,1100546,1.57,2358559.0
1.44,564069,1.25,4016464.0,1.36,450608,1.56,1137477.0
1.77,901956,1.7,6928559.0,1.76,1061344,1.64,2177913.0
1.74,748642,1.61,6280399.0,1.69,916045,1.62,1999961.0
1.72,981547,1.47,7690800.0,1.73,847724,1.72,2243114.0
1.69,823364,1.46,7824026.0,1.72,883270,1.7,1959437.0
1.88,532948,1.61,5660244.0,1.8,708250,1.56,2067346.0
1.76,763069,1.55,6292268.0,1.78,853222,1.78,2153786.0
1.54,518360,1.4,4302296.0,1.58,436417,1.5,941439.0
1.91,1026740,1.67,6688963.0,1.81,962761,1.84,1985428.0
1.92,884908,1.55,6788986.0,1.9,901422,1.9,1824516.0
1.82,992963,1.55,8078337.0,2.0,937476,1.76,2744087.0
1.96,902762,1.75,7195681.0,1.98,992253,1.75,2237671.0
7.27,577827,1.84,5409502.0,2.12,826506,1.76,1906570.0
2.03,935494,1.57,7321458.0,2.04,1175311,1.45,3295865.0
1.67,508663,1.47,4521764.0,1.88,805469,1.23,1438384.0
2.02,951887,1.76,8319566.0,2.05,1224117,1.38,2692907.0
2.29,830736,1.67,7002538.0,1.86,1140651,1.34,2515827.0
2.14,898067,1.69,7926103.0,1.85,1185651,1.33,2966414.0
2.06,847104,1.62,7602307.0,1.92,1247890,1.4,2512908.0
2.3,569185,1.86,5801057.0,2.02,969425,1.49,2090632.0
2.16,863225,1.72,7841181.0,1.9,1273219,1.52,2532794.0
1.8,582552,1.39,5334919.0,1.71,623757,1.36,1586689.0
2.45,997162,1.73,8153001.0,1.84,1385559,1.6,2700333.0
2.38,890435,1.58,7904229.0,1.81,1239577,1.56,2411070.0
2.55,867635,1.56,8456350.0,1.81,1184306,1.66,2578746.0
2.34,946662,1.61,7942859.0,1.7,1153520,1.61,2360733.0
2.58,571800,1.64,6216751.0,1.73,998110,1.68,1964533.0
2.47,884042,1.6,7968936.0,1.69,1100042,1.66,2473278.0
2.05,494764,1.39,4987469.0,1.47,575170,1.36,1089174.0
2.53,1023636,1.63,8422135.0,1.66,1216093,1.7,2298463.0
2.34,921582,1.47,7824620.0,1.65,1048348,1.62,2335705.0
2.34,921582,1.47,7824620.0,1.65,1048348,1.62,2335705.0
2.42,792348,1.55,8756697.0,1.56,962908,1.74,2227481.0
2.66,634059,1.74,6820184.0,1.65,1115406,2.03,1902190.0
2.48,734503,1.52,8158509.0,1.55,1234277,2.01,2187422.0
2.19,528653,1.46,5336891.0,1.42,675841,1.81,1434765.0
2.79,859570,1.63,8531882.0,1.61,1089474,2.01,2442427.0
2.62,797169,1.52,8390372.0,1.53,1035295,1.85,2351515.0
2.85,826719,1.51,9311862.0,1.54,1266345,1.81,2499163.0
2.66,741227,1.55,8258939.0,1.5,1167659,1.71,2464774.0
3.02,563583,1.69,5952115.0,1.63,1029632,1.7,2042279.0
2.83,798907,1.49,8053110.0,1.59,1056699,1.51,2714782.0
3.04,474932,1.41,5405234.0,1.16,659923,1.22,1577296.0
2.93,934850,1.59,8266630.0,1.55,1238095,1.35,3095576.0
2.81,805257,1.54,8632869.0,1.49,1213316,1.29,3027504.0
2.75,815249,1.48,8862717.0,1.54,1274150,1.23,3294431.0
2.71,744310,1.46,9510893.0,1.56,1493825,1.15,3287800.0
3.03,545521,1.72,7657258.0,1.72,1132960,1.26,2725744.0
2.86,780790,1.55,8675603.0,1.56,1161684,1.1,3191124.0
2.35,444285,1.36,5977437.0,1.37,644355,0.94,2305807.0
3.02,818519,1.66,8963212.0,1.57,1331201,1.04,3494037.0
2.76,750353,1.65,8874851.0,1.6,1187884,0.99,3273703.0
3.05,796811,1.59,9143974.0,1.62,1362903,1.02,3404028.0
3.05,749293,1.52,9636834.0,1.6,1169469,0.97,3249213.0
3.2,611352,1.78,7414662.0,1.64,1150082,1.05,3018611.0
3.18,756164,1.53,9394640.0,1.63,1189580,1.12,3098172.0
2.73,494893,1.3,6318553.0,1.39,734103,0.89,2061160.0
3.57,929268,1.62,10640216.0,1.74,1279319,1.13,3421770.0
3.36,865156,1.48,9648814.0,1.63,1453894,1.1,2970958.0
3.4,840490,1.47,10065264.0,1.73,1232872,1.17,3292410.0
3.41,796323,1.49,9422152.0,1.68,1281245,1.07,3261853.0
3.56,573466,1.68,7839553.0,1.8,1255416,1.23,3024249.0
3.61,745140,1.51,9825412.0,1.91,1129373,1.17,3435888.0
2.88,483892,1.33,6723813.0,1.53,761847,0.97,2458404.0
3.5,889957,1.59,9736314.0,1.78,1523117,1.21,3573344.0
3.39,801253,1.53,10726136.0,2.0,1169509,1.16,3386392.0
3.5,851955,1.57,10218261.0,2.02,1216358,1.19,3538968.0
3.32,823021,1.52,10962615.0,2.01,1224863,1.14,3744107.0
3.39,603078,1.79,9222809.0,2.18,1218083,1.33,3038932.0
3.09,939870,1.53,10564657.0,2.0,1157377,1.21,3303797.0
2.67,653346,1.47,6663622.0,1.91,899218,1.08,2539569.0
3.01,1017248,1.63,10538528.0,2.19,1306022,1.23,3623081.0
2.77,969049,1.56,10594139.0,2.24,1321744,1.19,3701066.0
2.65,990784,1.47,10303934.0,2.17,1348003,1.19,3791647.0
2.34,1083747,1.56,11833579.0,2.24,1381462,1.15,4227414.0
2.29,938006,1.68,9022979.0,2.25,1350752,1.24,3713715.0
2.29,938006,1.68,9022979.0,2.25,1350752,1.24,3713715.0
1.6,953124,1.31,7206823.0,1.84,868538,0.96,3407427.0
1.92,1374686,1.58,11742044.0,1.97,1753605,1.05,4763831.0
1.79,1267435,1.49,10765942.0,2.03,1484531,1.01,4594580.0
1.58,1444274,1.5,10838938.0,1.94,1499086,0.95,4296928.0
1.54,1459929,1.46,11333099.0,1.85,1539476,0.92,4367734.0
1.65,959987,1.65,9359466.0,1.98,1208758,0.99,3877306.0
1.55,1409506,1.54,10826238.0,1.65,1534824,0.95,3952851.0
1.21,994931,1.2,7504256.0,1.55,837621,0.76,3294248.0
1.36,1474674,1.48,11900452.0,1.77,1547937,1.0,4496686.0
1.35,1524030,1.4,12043371.0,1.61,1419758,0.87,4604496.0
1.24,1643409,1.35,12853083.0,1.48,1518039,0.88,4392720.0
1.13,1641954,1.27,12940014.0,1.38,1498725,0.83,4532113.0
1.4,1258061,1.45,12403195.0,1.53,1432066,1.2,5336144.0
1.16,1401905,1.25,12992481.0,1.48,1253619,0.87,4240884.0
0.97,1069803,1.06,7469327.0,1.32,892881,0.64,3300432.0
1.07,1699232,1.31,12543828.0,1.36,1417566,0.82,4468864.0
1.11,1741090,1.25,12046905.0,1.34,1529307,0.8,4269739.0
0.99,1572200,1.35,13482607.0,1.49,1550928,0.81,4337397.0
0.96,1837198,1.29,12215906.0,1.34,1620908,0.79,4527629.0
1.16,1204899,1.43,9790518.0,1.45,1402293,0.89,4312336.0
1.12,1569383,1.41,11366073.0,1.62,1393438,0.86,4336793.0
0.88,1311711,1.16,7683144.0,1.09,789492,0.64,3401986.0
1.0,1790505,1.34,13161250.0,1.52,1597701,0.85,4935870.0
1.01,1830588,1.24,12497566.0,1.38,1319572,0.78,4796093.0
0.99,1821273,1.21,13981351.0,1.36,1377721,0.78,4611825.0
0.9,1950140,1.17,13889903.0,1.39,1484931,0.74,4975433.0
1.02,1324563,1.38,13327135.0,1.43,1346883,0.91,4892584.0
0.97,1640502,1.18,14655238.0,1.57,1138284,0.75,4740993.0
0.79,1138083,1.07,8319795.0,1.25,579347,0.58,3482339.0
0.96,1716673,1.18,14937832.0,1.42,1404679,0.72,5091504.0
0.94,1871915,1.11,14436315.0,1.27,1281695,0.7,4848966.0
0.87,1830068,1.12,14632458.0,1.44,1023468,0.76,4461479.0
0.87,1955359,1.13,14653062.0,1.39,1165803,0.66,4210447.0
0.96,1400419,1.23,11430253.0,1.43,1012624,0.75,3682968.0
0.9,1769370,1.1,14628629.0,1.41,978886,0.8,4077849.0
0.76,1341238,0.97,8844219.0,1.13,577642,0.62,2724845.0
0.85,2015502,1.03,14599847.0,1.4,1064066,0.89,4119805.0
0.8,1891480,1.01,14532266.0,1.4,1067855,0.86,4298691.0
0.9,1630569,1.01,13785286.0,1.54,990841,1.09,4095687.0
0.94,1641665,1.0,13379602.0,1.48,985486,1.12,4360437.0
1.12,1269820,1.14,9778113.0,1.66,1004405,1.19,4421483.0
1.08,1579902,1.2,12524098.0,1.75,997876,1.07,4517090.0
0.9,1239852,0.99,7905528.0,1.14,466185,0.72,3595707.0
1.11,1900276,1.18,12812078.0,1.47,1212804,0.87,5378075.0
1.0,1719252,1.12,12158416.0,1.37,986708,0.76,4833022.0
0.99,1831984,1.14,12844341.0,1.31,1041624,0.73,4644669.0
1.01,1809717,1.08,12692921.0,1.31,1165969,0.74,4554782.0
1.12,1325694,1.18,11218588.0,1.31,998906,0.8,4155579.0
1.07,1425407,1.14,13231012.0,1.75,858687,0.82,4117661.0
0.83,1091401,0.91,8267085.0,1.04,406365,0.66,2691437.0
1.07,1656132,1.1,14835625.0,1.3,1030561,0.83,4494221.0
1.14,1550528,1.0,13403420.0,1.31,813275,0.82,4236124.0
1.18,1643041,1.03,13907356.0,1.39,802212,0.87,4128112.0
1.17,1785770,0.97,14134991.0,1.5,826317,0.76,4705428.0
1.38,1152230,1.13,10228021.0,1.65,664158,0.95,3840160.0
1.28,1604251,1.05,13223944.0,1.77,670680,1.0,4344050.0
0.99,1089932,0.82,7419329.0,1.33,301669,0.63,2677684.0
1.36,1631484,1.09,13011254.0,1.76,873065,0.92,4458988.0
1.28,1677048,1.07,12424749.0,1.66,928715,0.93,4628744.0
1.41,1520930,1.12,11829203.0,1.59,795691,0.94,4117627.0
1.38,1460994,1.03,11561358.0,1.42,742695,1.02,4636003.0
1.55,1091963,1.26,9067620.0,1.44,728631,1.02,3582717.0
1.59,1226864,1.27,10571034.0,1.48,725686,1.03,4155026.0
1.14,1019669,1.0,7049677.0,1.12,381691,0.75,2635206.0
1.61,1633083,1.56,12383345.0,1.31,841213,0.89,4442945.0
1.6,1555761,1.49,13706407.0,1.4,805755,0.85,4642549.0
2.03,1189310,1.64,11645174.0,1.5,769786,0.94,4080996.0
2.46,656977,1.68,6312343.0,1.59,537343,1.08,2602087.0
2.63,4853,1.99,34129.0,1.68,8356,0.9,32903.0
1.47,89751,1.22,1204502.0,1.22,61948,0.66,766690.0
1.14,587312,1.06,6227370.0,1.03,354322,0.61,2752169.0
2.05,1187605,1.68,11846759.0,1.21,779753,0.74,4328668.0
2.17,1342060,1.52,13363077.0,1.32,689469,0.81,3737780.0
2.16,1517458,1.52,13282031.0,1.43,577473,0.8,3409210.0
2.07,1378155,1.63,11726283.0,1.4,668916,0.89,3711247.0
2.2,1075094,1.79,9629089.0,1.66,531995,1.07,2701835.0
1.9,1138544,1.88,10542748.0,1.71,557169,1.19,2939049.0
1.33,611314,1.3,4665947.0,1.21,193177,0.79,1701022.0
1.8,1098000,1.79,10561279.0,1.69,629662,1.27,2967402.0
1.59,1201025,1.65,10590581.0,1.96,556586,1.16,2921337.0
1.64,1235361,1.55,10419145.0,1.75,602270,1.18,2845118.0
1.54,1079303,1.54,10257761.0,1.86,602432,1.19,3069019.0
1.91,854479,1.53,9912629.0,1.71,613765,1.26,2738082.0
1.73,962738,1.59,9615095.0,1.81,630595,1.18,2961075.0
1.38,812397,1.26,6324847.0,1.46,286665,1.05,1558234.0
1.65,1359938,1.65,11257798.0,1.48,813127,1.19,3103459.0
1.68,1253728,1.6,10193112.0,1.49,670532,1.09,2950433.0
1.57,1228135,1.55,10142701.0,1.41,731120,1.16,2610522.0
1.5,1193621,1.41,11591988.0,1.4,643942,1.06,3362791.0
1.68,1030464,1.55,9442724.0,1.57,677835,1.23,2745941.0
1.5,1129652,1.62,9385911.0,1.52,566489,1.19,2799427.0
1.15,828826,1.3,6956723.0,1.17,230863,0.91,1808069.0
1.46,1501343,1.68,11635484.0,1.38,843189,1.12,3508752.0
1.54,1106985,1.64,10771897.0,1.3,659630,1.12,2807038.0
1.49,1215906,1.68,9774626.0,1.41,633618,1.08,2798423.0
1.47,1098794,1.61,10462452.0,1.34,560623,1.02,2729274.0
1.66,976252,1.63,10683645.0,1.38,618490,1.04,2898517.0
1.92,911661,1.6,10427089.0,1.35,580551,1.1,2728028.0
1.29,860312,1.21,7526493.0,1.21,280523,0.87,1661321.0
1.6,1240992,1.58,11108418.0,1.27,728343,1.06,3037687.0
1.48,1201476,1.37,12142307.0,1.2,650758,1.01,2810159.0
1.48,1153814,1.54,12365644.0,1.74,837423,1.22,2819571.0
1.49,1179689,1.34,12871287.0,1.15,634837,1.11,2752219.0
1.54,1031108,1.4,12015382.0,1.27,601549,1.13,2383643.0
1.54,853308,1.35,10773732.0,1.25,556687,1.2,2602913.0
1.31,844146,1.12,8850764.0,1.04,308025,0.9,1934025.0
1.46,1257110,1.28,12637823.0,1.21,767545,1.32,2974960.0
1.35,1184483,1.19,11807150.0,1.14,636544,1.16,2673935.0
1.48,1140978,1.21,12041467.0,1.15,674016,1.34,2655258.0
1.6,1182984,1.25,13583167.0,1.23,709709,1.54,3012651.0
1.46,1132904,1.16,13159222.0,1.25,567538,1.43,2732038.0
1.51,867138,1.19,10558604.0,1.25,545975,1.47,2171872.0
1.24,771472,1.01,8502975.0,1.01,275061,1.04,1537258.0
1.5,1410941,1.2,12919218.0,1.16,707340,1.52,2701800.0
1.4,1225948,1.12,13434745.0,1.11,630104,1.21,2966363.0
1.44,1353874,1.24,12692880.0,1.25,814767,1.52,2616474.0
1.42,1452651,1.23,14143419.0,1.18,624286,1.29,2923737.0
1.46,1293421,1.23,11526033.0,1.18,624083,1.33,2835217.0
1.34,1069575,1.33,11623352.0,1.24,547523,1.43,2317798.0
1.37,933954,1.16,9477735.0,0.96,348884,1.08,2098851.0
1.28,1405025,1.34,13205380.0,1.23,703422,1.33,2967640.0
1.37,1304564,1.19,12598278.0,1.24,618052,1.37,2304562.0
1.37,1304564,1.19,12598278.0,1.24,618052,1.37,2304562.0
1.3,1360032,1.23,14050696.0,1.26,540253,1.25,2622731.0
1.29,1143811,1.25,12675840.0,1.35,547744,1.62,1954944.0
1.45,1085088,1.25,11799807.0,1.45,503073,1.79,1817042.0
1.29,781157,0.99,10034292.0,1.09,267656,1.25,1163067.0
1.35,1309615,1.2,15122427.0,1.44,714141,1.74,2357058.0
1.28,1294132,1.14,13753627.0,1.43,616186,1.7,1988614.0
1.32,1485576,1.15,14392687.0,1.44,692432,1.8,1998261.0
1.26,1482414,1.09,14698417.0,1.53,521408,1.79,2355537.0
1.57,1540528,1.17,16216715.0,1.67,731602,1.88,2058592.0
1.37,1154607,1.09,14150948.0,1.68,602171,2.06,1952827.0
1.53,682004,1.06,8929972.0,1.47,381761,1.59,1862937.0
1.72,775157,1.3,7915330.0,1.59,538781,2.19,2085683.0
1.59,2677,1.6,91465.0,2.86,1321,4.04,5573.0
2.13,24841,1.45,711632.0,1.84,22863,1.85,187214.0
1.54,145146,1.01,4218018.0,1.23,102820,1.13,1376322.0
1.5,476066,1.01,8500155.0,1.34,296963,1.26,1593769.0
1.61,1060845,1.12,13954949.0,1.32,610688,1.39,2462977.0
1.48,1120961,0.95,10008462.0,1.1,318822,1.23,1536796.0
1.52,1413651,1.11,16476991.0,1.31,662346,1.27,2773772.0
1.49,1595489,1.04,14940390.0,1.32,616162,1.5,2634804.0
1.42,1746162,1.09,15131061.0,1.29,554173,1.38,2161740.0
1.44,1638941,1.04,16429562.0,1.49,556675,1.38,2499889.0
1.43,1515333,1.3,16998194.0,1.46,532425,1.61,2045424.0
1.48,1204119,1.18,12672494.0,1.45,529291,1.7,1879357.0
1.43,918002,1.06,9747421.0,1.13,295789,1.26,1267573.0
1.45,1617255,1.26,14970888.0,1.44,638795,1.69,2275755.0
1.4,1126169,1.24,13338536.0,1.33,614826,1.44,2351658.0
1.45,1358022,1.25,14851561.0,1.31,596074,1.46,2360841.0
1.34,1468261,1.29,15205928.0,1.35,587933,1.39,2389349.0
1.36,1266211,1.3,15451752.0,1.23,754500,1.35,2229734.0
1.61,907145,1.51,13842461.0,1.35,581646,1.47,1724269.0
1.26,845490,1.36,9362110.0,1.21,283538,1.21,1230774.0
1.44,1322084,1.66,13925426.0,1.37,632328,1.43,2406484.0
1.5,1349875,1.58,13141027.0,1.55,621301,1.46,2446701.0
1.69,1405317,1.7,13546199.0,1.49,600031,1.52,2178618.0
1.52,1074891,1.7,11994800.0,1.55,533944,1.52,1995945.0
1.61,1134795,1.81,12108343.0,2.12,626984,1.69,2214656.0
1.95,773917,1.79,10095910.0,1.72,572378,1.73,1860553.0
1.37,761257,1.42,7638992.0,1.29,288304,1.15,1341959.0
1.63,1361946,1.8,11549037.0,1.52,852514,1.64,2308580.0
1.72,1003286,1.64,11641122.0,1.64,585301,1.45,2403855.0
1.72,1234979,1.75,10399257.0,1.66,593227,1.56,2129047.0
1.74,953953,1.72,10904384.0,1.6,578745,1.42,2291853.0
1.75,1245724,1.91,9475704.0,1.71,604979,1.43,2524830.0
2.15,771231,1.98,10184765.0,1.7,637344,1.43,1918874.0
1.48,835854,1.77,6853878.0,1.36,305781,1.08,1523026.0
1.85,1192309,2.22,10398892.0,1.61,668032,1.4,2517074.0
1.99,906652,2.27,8977976.0,1.59,600119,1.19,2328988.0
1.95,952895,2.42,8101768.0,1.63,576544,1.19,2075620.0
1.99,835261,2.2,9128279.0,1.73,650214,1.16,2381713.0
2.05,974676,2.24,9238392.0,1.61,604597,1.17,2494805.0
2.23,779575,2.34,8981905.0,1.71,549867,1.18,2080875.0
1.54,640460,1.85,6002267.0,1.13,353437,1.0,1480737.0
2.09,963795,2.42,9286925.0,1.61,702464,1.17,2537728.0
2.18,766115,2.24,9375744.0,1.63,702995,1.07,2614103.0
2.09,1078011,2.62,8550122.0,1.72,628831,1.25,2356969.0
2.03,890930,2.35,9497871.0,1.54,700833,1.04,2546984.0
1.94,846944,2.43,8176758.0,1.63,626376,1.28,2269226.0
2.11,805741,2.5,8297182.0,1.73,562965,1.11,1964298.0
1.68,641727,1.93,5832260.0,1.06,366027,0.86,1467540.0
2.04,1081528,2.6,10082489.0,2.16,775759,1.25,2874160.0
1.89,998392,2.35,9348157.0,1.54,719901,1.29,2332665.0
1.94,1161870,2.37,11430085.0,1.63,877427,1.23,3226471.0
1.86,888878,2.13,10227767.0,1.52,773319,1.09,2883590.0
2.12,1138967,2.74,11263195.0,1.98,841773,1.35,3357702.0
2.4,637336,2.67,8491608.0,1.97,756473,1.37,2801354.0
1.76,614311,1.86,5463207.0,1.43,492641,0.88,2190061.0
2.01,988278,2.44,10532346.0,1.86,933425,1.35,3246104.0
1.66,1083118,2.15,8656933.0,1.53,859448,0.99,3066074.0
1.7,1037071,2.16,9163274.0,1.61,769935,0.99,2933849.0
1.76,861259,2.14,9281023.0,1.58,904938,0.94,3262870.0
1.91,864041,2.41,8446843.0,1.53,893455,1.07,2762119.0
1.97,679633,2.24,8019311.0,1.61,920734,0.92,3203155.0
2.14,565194,1.84,5464472.0,1.28,521443,0.75,1925369.0
1.84,866717,2.17,10597842.0,1.52,904037,0.96,3056416.0
1.66,1003861,2.05,9356773.0,1.44,863157,0.8,3431537.0
1.75,847556,2.16,8547570.0,1.52,956303,0.89,2760039.0
2.04,814791,2.1,9592465.0,1.65,841644,0.94,2874399.0
2.08,744786,2.16,9180710.0,1.55,869566,1.02,2970394.0
2.2,562044,2.28,7049187.0,1.88,553806,1.07,2404569.0
1.72,446836,1.86,5474067.0,1.49,339761,1.03,1625376.0
1.93,726780,2.0,7933880.0,1.63,510912,0.96,2380819.0
1.97,985131,2.23,8968994.0,1.87,880230,1.14,2705016.0
2.06,986918,2.27,8300428.0,1.92,824170,1.17,2622587.0
2.17,947545,2.15,7230836.0,2.14,741429,1.31,2348134.0
2.06,749491,2.28,7125392.0,2.27,715790,1.53,2198358.0
2.03,764794,2.22,6858790.0,2.36,800657,1.49,2618666.0
2.04,492793,1.81,4531170.0,2.15,566310,1.38,1575845.0
2.22,811165,2.33,8991261.0,2.29,958416,1.55,3127138.0
2.13,779608,2.09,8758810.0,2.3,961258,1.5,3321744.0
2.18,724041,2.31,9253545.0,2.44,791984,1.84,3196956.0
2.21,754495,2.1,9322099.0,2.28,885798,1.53,3304883.0
2.17,705301,2.15,8776072.0,2.36,831751,1.53,2908087.0
2.44,695986,2.26,7801228.0,2.57,902351,1.43,3395539.0
2.31,450131,1.85,5058348.0,1.91,565785,1.17,2747555.0
2.3,794172,2.16,10789717.0,2.04,1128887,1.28,3275563.0
2.3,783603,1.89,10953476.0,2.09,1032013,1.21,4513427.0
2.41,784199,2.14,9198880.0,1.94,891623,1.3,3837785.0
2.54,728266,1.93,9108409.0,2.02,1092385,1.35,3433169.0
2.64,576739,2.1,7005257.0,2.21,948930,1.42,2734559.0
2.86,540099,1.98,7274971.0,2.1,914968,1.5,3008855.0
2.44,437073,1.66,4151635.0,2.05,613970,1.29,1901249.0
3.01,681533,1.88,8800743.0,2.34,1050309,1.58,2851459.0
2.96,695926,1.94,7490114.0,2.43,978834,1.58,2519881.0
2.94,703430,1.95,8473574.0,2.38,825905,1.57,2964172.0
3.03,652953,1.77,8397479.0,2.45,996615,1.62,3135884.0
3.05,542043,1.67,9229332.0,2.41,930976,1.62,2672082.0
3.08,598953,1.7,8837611.0,2.52,994076,1.37,3403659.0
2.51,355230,1.56,4865867.0,2.15,635410,1.29,2274124.0
2.91,708568,1.81,8456751.0,2.42,1245725,1.45,3094300.0
2.77,696298,1.7,9395179.0,2.44,1068404,1.43,3263589.0
2.99,593465,1.72,8412464.0,2.37,1095007,1.3,2974814.0
2.73,727550,1.64,9463372.0,2.36,1037036,1.21,3980446.0
2.83,475390,1.84,7376569.0,2.38,820125,1.33,2735082.0
3.07,485578,1.68,7518319.0,2.34,796717,1.35,2717744.0
2.71,407456,1.56,5455330.0,2.17,483426,1.16,2282662.0
3.07,761943,1.75,9460342.0,2.49,1022281,1.33,3322354.0
3.17,577975,1.62,9068748.0,2.53,857457,1.34,3364123.0
3.36,510372,1.7,9220689.0,2.63,874594,1.41,3119735.0
3.3,622235,1.71,8510004.0,2.6,865384,1.44,2836186.0
3.44,442369,1.9,6955487.0,2.84,819150,1.66,2217247.0
3.03,868574,1.75,9013728.0,2.9,749564,1.66,2728729.0
3.02,410045,1.66,4696599.0,2.53,494750,1.57,1672237.0
3.57,632509,2.0,8419936.0,3.2,774611,2.03,2160150.0
3.46,658455,1.9,8697013.0,3.31,821804,2.06,2423697.0
3.42,614164,2.02,9666056.0,3.54,922333,2.48,2434515.0
3.41,630853,1.87,9466951.0,3.44,1090547,2.54,2273465.0
3.66,465132,2.02,7852401.0,3.27,879338,2.75,1945084.0
3.65,532595,1.91,8828256.0,3.5,979123,2.72,2093256.0
3.06,402413,1.81,5256014.0,3.03,396356,2.5,1379279.0
3.61,622394,2.05,8378316.0,3.41,923439,2.76,2180507.0
3.18,768513,1.99,9217090.0,3.35,910897,2.63,2270531.0
3.64,834768,2.29,8977558.0,3.2,875114,2.63,2372649.0
3.76,593850,2.0,9434853.0,2.91,883634,2.52,2126004.0
3.76,475232,2.17,7335143.0,3.17,610384,2.7,1811629.0
3.57,743911,1.95,9701340.0,2.85,719487,2.45,2404861.0
3.2,413404,1.81,4524379.0,2.74,384555,2.23,1445604.0
3.59,790873,2.0,8825605.0,2.94,791840,2.54,2504334.0
3.37,666343,2.01,7478290.0,3.0,685349,2.42,2176513.0
3.26,745057,1.93,8468728.0,2.82,761913,2.29,2717626.0
3.38,618074,1.82,9398255.0,2.75,837946,2.07,2715529.0
5.6,551190,2.14,7679423.0,2.74,957888,2.71,1721452.0
3.6,607031,2.31,8021566.0,2.99,722481,2.44,2304351.0
3.48,347286,2.01,4492503.0,2.69,495141,2.19,1096653.0
3.7,784064,2.18,9422209.0,2.72,962601,2.39,2523859.0
2.73,392328,1.95,4177239.0,2.35,230953,2.1,894011.0
3.91,624897,2.24,7530080.0,2.76,672847,2.09,2638664.0
4.04,520363,2.09,7453590.0,3.08,697250,2.28,1848190.0
5.27,381454,2.41,5927364.0,3.65,592373,2.57,1525355.0
5.7,571881,2.24,7501901.0,2.82,645043,3.49,1840915.0
4.15,369323,2.07,4545657.0,2.58,446728,2.39,1314171.0
4.75,639189,2.38,7555736.0,2.95,809234,2.55,1899242.0
4.06,713514,2.33,5935386.0,3.19,704267,2.65,1303829.0
4.94,499236,2.33,5466581.0,2.72,621896,3.15,1507877.0
4.66,446542,2.34,5356469.0,3.13,652179,2.77,1448833.0
4.75,386864,2.37,6083537.0,3.35,570151,2.72,1397492.0
5.22,428302,2.62,5926699.0,3.47,632845,5.16,1542988.0
4.63,267241,2.52,3361819.0,2.94,403968,3.06,733616.0
6.01,497749,3.15,6617966.0,3.83,694593,3.8,1547817.0
6.12,344314,3.05,5045439.0,4.04,515098,3.89,1099616.0
6.24,395146,2.78,5902659.0,3.98,530871,3.96,1480154.0
6.14,376641,2.99,5314134.0,4.04,635108,4.14,1148779.0
7.07,265558,3.32,4503131.0,4.26,466199,4.43,973567.0
6.92,373195,3.14,5540619.0,4.19,648481,3.86,1749986.0
6.07,289489,3.13,3585911.0,4.06,436441,3.69,764600.0
7.36,495885,3.54,5268238.0,4.47,663843,3.97,1541072.0
6.93,359064,3.17,4758062.0,4.29,730813,3.76,1270200.0
7.58,436631,3.43,6337705.0,4.37,774712,3.77,1954684.0
7.37,441212,3.44,5155936.0,4.44,742454,3.17,1560296.0
8.01,262937,3.72,4016062.0,4.33,698743,3.5,1177846.0
8.19,277105,3.66,4940192.0,4.31,613731,3.22,1377653.0
6.68,211533,3.3,2973842.0,4.34,422118,3.07,891423.0
8.67,391901,3.8,5374668.0,4.46,730141,3.44,1649306.0
8.19,451646,3.63,5030403.0,4.33,642755,3.37,1226330.0
8.57,434150,3.5,5508746.0,4.25,672880,3.5,1554204.0
7.75,484611,3.4,6238072.0,4.02,775182,3.32,1858299.0
8.42,278532,3.7,4537717.0,3.93,611866,3.65,1124020.0
7.5,366500,2.99,5459985.0,3.77,687536,3.53,1468390.0
6.69,252904,2.7,3412016.0,3.46,423657,3.19,806044.0
6.8,572595,2.93,6102082.0,3.65,880039,3.49,2052418.0
5.86,567420,2.96,5567645.0,3.69,751988,3.67,1468546.0
6.46,533798,2.96,6791741.0,3.73,786859,3.55,2308066.0
5.99,429939,2.91,6072126.0,3.52,836386,3.24,2285798.0
6.4,304961,3.22,5483735.0,3.92,781546,3.69,1545413.0
6.12,477804,2.9,7593431.0,3.49,778223,3.44,1897682.0
5.76,311188,2.81,4854409.0,3.52,449119,3.12,1164537.0
6.98,624321,2.77,8143467.0,3.77,667260,3.82,1702271.0
6.27,752845,2.66,8588414.0,3.42,730655,3.66,1633475.0
6.94,637523,2.75,7766490.0,3.68,793289,3.7,2075101.0
5.94,985954,2.48,8131877.0,3.38,838807,3.78,1894787.0
6.79,458912,2.39,8300411.0,3.67,696569,3.8,1919991.0
6.15,811481,2.47,9261734.0,3.81,828387,4.26,1873793.0
5.91,347257,2.4,4625753.0,3.19,530915,3.86,1080035.0
6.65,685082,2.54,8322627.0,3.69,893274,4.47,1557523.0
6.57,623773,2.45,7862908.0,3.75,664874,4.25,1188344.0
6.2,627713,2.46,9112767.0,3.58,922516,3.88,1964375.0
6.2,555680,2.35,8593630.0,3.5,913859,4.86,1425840.0
6.48,399901,2.76,6844619.0,3.83,954722,5.11,1238479.0
6.46,461111,2.53,7466938.0,3.8,903603,5.02,1583262.0
5.87,332260,2.45,4827231.0,3.28,553652,4.71,1076967.0
6.96,530024,2.52,8747772.0,3.7,882565,5.12,1660915.0
6.81,487029,2.6,8211594.0,3.45,947282,4.82,1444258.0
7.25,510025,2.63,9211425.0,3.54,919228,4.81,1618760.0
7.02,501382,2.65,8586272.0,3.56,858619,4.46,1468092.0
7.3,365738,2.76,7656323.0,3.38,865571,4.42,1239524.0
7.57,445872,2.62,7979774.0,3.53,779204,4.49,1326885.0
7.41,264210,2.64,5518112.0,3.19,536840,4.09,772181.0
8.06,498506,2.75,8349178.0,3.34,1142925,4.35,1680084.0
8.04,391026,2.9,7571479.0,3.41,874876,4.54,1344850.0
8.01,457686,2.93,7683408.0,3.41,932102,4.38,1604480.0
8.01,393569,2.92,7547539.0,3.71,1058800,4.54,1431217.0
8.48,297181,3.11,6938272.0,3.74,958289,4.53,1281644.0
8.98,317398,3.15,6655354.0,3.67,939041,4.32,1701965.0
8.13,235462,2.82,4248616.0,3.02,719956,3.88,1083788.0
9.81,418242,3.21,7271457.0,3.43,1170894,4.2,2010829.0
9.13,391492,3.24,7275188.0,3.44,1192222,3.76,2175026.0
9.57,387179,3.47,6967017.0,3.38,1043446,3.37,1890377.0
9.71,353330,4.0,2000.0,3.22,1225671,3.38,2255025.0
9.07,343533,3.61,5979081.0,3.45,1020958,3.2,1863546.0
10.19,320243,3.66,6420767.0,3.42,990092,3.09,1878373.0
9.88,204517,3.11,4654413.0,2.81,652016,2.71,1167445.0
10.0,464666,3.72,7582434.0,3.12,1168500,2.86,1986209.0
10.37,337088,3.68,7492355.0,3.26,1091677,2.86,1848154.0
9.91,408999,3.47,8140874.0,3.14,1309956,2.73,2131245.0
9.94,450762,3.61,7801788.0,3.04,1199759,2.41,3066255.0
11.31,245031,3.91,6025533.0,3.01,1152719,2.88,1763070.0
11.96,273181,3.74,7290149.0,3.38,1488414,2.76,2070566.0
10.15,218813,3.33,4448199.0,2.58,830654,2.44,1537992.0
11.74,478607,3.7,8214375.0,2.76,1423998,2.74,2201567.0
11.87,457170,3.7,7600545.0,2.92,1268057,2.53,2328846.0
11.81,451477,3.67,8075449.0,2.93,1411064,2.63,2673755.0
11.12,476131,3.71,8752191.0,2.82,1549582,2.42,2788401.0
11.64,285941,4.09,6742456.0,3.03,1388269,2.46,2220484.0
9.99,423024,3.85,7797695.0,2.9,1397176,2.23,2613205.0
8.67,114337,3.27,2449103.0,2.41,587476,1.96,1083484.0
9.21,344178,4.29,5043221.0,2.77,1340447,2.44,2257278.0
8.79,408032,4.1,6702419.0,2.97,1580667,2.22,2117695.0
9.1,346160,4.05,7952988.0,2.87,1541623,2.47,2175794.0
7.8,452729,3.9,8092623.0,2.67,1549420,2.8,2509647.0
9.05,309412,4.21,7322629.0,2.71,1613031,2.67,1993991.0
8.81,475775,3.98,7668799.0,2.83,1808403,2.6,2391120.0
8.06,296311,3.4,4500688.0,2.37,995267,2.29,1627165.0
8.75,596522,3.95,8545340.0,2.86,2076273,2.7,3001602.0
8.48,593857,3.64,8310664.0,2.49,1933171,2.5,2792297.0
8.61,596043,3.7,8140006.0,2.65,2099936,2.6,3148170.0
8.11,530975,3.62,7613208.0,2.36,1552649,2.26,2782331.0
8.21,405261,4.06,6305838.0,2.47,1478678,2.58,2874370.0
7.03,572219,3.87,7405266.0,2.47,1554438,2.2,2897663.0
6.11,291659,3.39,4170546.0,2.2,912000,1.81,2155334.0
5.94,720600,4.14,7428036.0,2.39,1797913,1.91,3316411.0
5.8,597418,4.05,7295924.0,2.46,1906733,1.91,3276190.0
5.5,690914,4.12,7346302.0,2.55,1698814,1.85,3400609.0
5.32,842919,3.76,9878854.0,2.58,1528471,2.04,3641388.0
5.62,500868,4.1,6908134.0,2.69,1527901,1.92,2876988.0
4.72,782822,4.06,7295154.0,2.68,1537406,1.81,3217155.0
4.46,443930,3.61,4226626.0,2.47,864157,1.59,2346400.0
4.26,900358,4.06,6770147.0,2.66,1785482,1.9,3169022.0
3.87,702375,3.65,6883257.0,2.67,1737329,1.86,3223225.0
3.55,912925,3.6,6995831.0,2.62,1712750,1.75,3729903.0
3.59,842877,3.47,7129906.0,2.6,1787982,1.65,3727276.0
3.48,735992,3.68,6158976.0,2.45,1718213,1.6,3704822.0
3.15,844145,3.77,6182899.0,2.39,1810920,1.39,3932540.0
2.9,488356,3.27,3897254.0,2.08,994006,1.1,3198110.0
3.19,994125,4.07,7747283.0,2.04,1872718,1.25,4704677.0
3.16,1029690,3.89,7763801.0,2.03,1891462,1.2,4904490.0
3.23,1037336,3.6,8598990.0,1.76,1629295,1.18,4719812.0
3.09,1206608,3.52,9355121.0,1.58,2022627,1.28,5400564.0
3.26,864199,3.9,7150099.0,1.72,1796382,1.18,4549172.0
3.22,1118077,3.62,9337375.0,1.88,1811198,1.24,4056906.0
2.91,700837,3.19,5820538.0,1.26,1007766,1.05,3302095.0
3.19,1202014,3.46,9543099.0,1.35,1866575,1.28,4569439.0
3.13,1144190,3.22,9660305.0,1.54,2017118,1.53,4499533.0
3.07,1164576,3.21,9630803.0,1.4,1763298,1.56,4804019.0
2.99,1148942,3.06,9962895.0,1.36,1840054,1.47,4261258.0
3.15,916825,3.14,8836802.0,1.42,1634995,1.65,3888477.0
3.11,1216647,2.73,10582060.0,1.47,1798165,1.66,4139429.0
2.9,695513,2.35,6588730.0,1.15,1042686,1.29,3247944.0
2.68,1275956,2.36,10844142.0,1.39,1726378,1.55,5003706.0
2.44,1135946,2.17,10606345.0,1.25,1717248,1.22,4548052.0
2.26,1233386,2.07,11499947.0,1.17,1597844,1.13,5120650.0
2.14,1230346,2.0,11635252.0,1.17,1711499,1.18,5242574.0
2.23,854905,2.12,8448256.0,1.25,1465756,1.03,4842927.0
2.23,1123959,2.01,10132470.0,1.31,1292528,0.95,5301442.0
1.67,771342,1.79,6762936.0,0.86,1028209,0.7,4420436.0
1.97,1278497,2.06,12844698.0,1.22,1632987,0.84,6105969.0
2.08,1252848,1.98,11197391.0,1.31,1622868,0.76,5625777.0
2.05,1401217,1.82,12935745.0,1.2,1504156,0.73,5649371.0
1.93,1332144,1.67,13759385.0,1.15,1718315,0.72,5847393.0
2.16,964421,1.74,11593321.0,1.14,1417257,0.79,5102015.0
1.91,1299838,1.53,14667894.0,1.19,1244468,0.77,4371697.0
1.58,596905,1.24,5461839.0,0.78,416558,0.53,2128521.0
1.58,1398342,1.35,14316985.0,0.99,1372915,0.66,4874259.0
1.64,1359530,1.29,14623343.0,1.0,1455887,0.67,5066521.0
1.58,1344896,1.26,15212864.0,1.06,1125925,0.74,5231355.0
1.54,1383895,1.25,15724931.0,1.29,1316182,0.78,5492588.0
1.85,1066466,1.24,12844392.0,1.12,1053732,0.75,5548873.0
1.95,1195690,1.12,14508211.0,1.17,952554,0.86,4958253.0
2.08,660608,1.19,6313186.0,1.07,596841,0.81,3779456.0
2.91,636594,1.37,6852958.0,1.27,836968,1.08,3296463.0
1.67,1264,1.9,142803.0,1.77,2184,0.82,14600.0
1.8,82992,1.03,2795513.0,1.07,46233,0.58,1653138.0
2.02,623412,0.96,9559414.0,0.78,679741,0.6,3744913.0
2.68,906086,1.19,13502414.0,1.1,1083007,0.82,4551759.0
2.51,1339058,1.11,17281173.0,1.1,1063769,0.77,4328681.0
1.93,883141,1.12,12227398.0,0.82,515925,0.64,3112785.0
2.17,1499847,1.09,18783785.0,1.04,1094103,0.8,4676762.0
2.02,1362612,1.01,16560406.0,0.99,1063022,1.16,5120894.0
2.11,1244395,1.04,17807122.0,1.12,862982,0.94,4703416.0
1.98,1230154,1.03,16025835.0,1.06,827880,0.95,4350538.0
2.2,1008947,1.23,13423859.0,1.31,838812,1.21,3868798.0
2.43,897085,1.16,15362946.0,2.05,890994,1.57,4080920.0
2.08,581075,2.08,19824932.0,1.57,586693,2.06,3735792.0
2.32,1376124,1.34,17477789.0,1.64,1106511,1.32,4472519.0
2.47,970065,0.91,15084080.0,1.46,929972,1.11,3929881.0
2.56,1064387,0.92,14047971.0,1.33,1014498,1.07,4250059.0
2.71,984750,0.93,14165463.0,1.39,847221,0.93,4524581.0
2.46,969155,1.02,12101387.0,1.49,867823,1.05,3806545.0
2.65,873136,0.95,13321532.0,1.56,735342,0.9,3282476.0
2.17,558445,0.85,8726319.0,0.97,511467,0.82,2282547.0
2.61,941548,1.0,14258518.0,1.33,953441,0.89,3809481.0
2.8,934587,0.95,15295845.0,1.19,940453,0.84,4002678.0
2.85,865418,0.89,14018571.0,1.11,980580,0.77,4451796.0
2.71,901895,0.87,14772328.0,1.18,924941,0.77,4013111.0
2.78,859862,0.94,12713165.0,1.11,924940,0.82,3625941.0
2.89,922346,0.96,13832260.0,1.11,943409,0.72,4490930.0
2.18,572930,0.78,9149791.0,0.87,440272,0.71,2874342.0
2.69,1190374,0.94,14132308.0,1.09,977447,1.15,4300834.0
2.81,922726,0.83,13639797.0,0.97,890098,0.66,3531151.0
2.8,896981,0.93,13681432.0,1.03,842857,0.88,3330403.0
2.43,893339,0.89,15123998.0,0.9,809510,0.7,3498000.0
2.56,893793,0.92,13103231.0,0.93,892428,0.89,3381010.0
2.52,882102,0.96,12981963.0,0.89,926304,0.8,3339029.0
1.84,711019,0.78,9295236.0,0.71,422959,0.69,2522913.0
2.31,1137306,0.95,13829182.0,0.89,967496,0.97,4070841.0
2.19,1035040,0.86,13461007.0,0.86,830084,0.72,3225325.0
2.1,1010154,0.87,13672157.0,0.86,800824,0.76,3377673.0
2.0,1016115,0.94,14118897.0,0.84,780135,0.73,3552674.0
2.12,933398,1.03,12480155.0,0.92,817184,0.78,3216229.0
2.12,780546,1.11,10489866.0,1.03,683269,0.75,2636750.0
1.48,768367,0.79,8899752.0,0.68,391805,0.75,2323868.0
1.95,1060892,1.11,14659833.0,1.13,785038,0.7,3326031.0
1.8,1223562,0.99,15586678.0,0.96,827698,0.76,3250580.0
1.81,1082681,1.0,15141840.0,0.96,779133,1.16,3104101.0
1.68,1179418,1.09,16272110.0,0.93,803392,0.84,3480700.0
1.81,1076391,1.06,13903303.0,0.99,729793,0.83,3094462.0
1.87,923037,1.18,12290401.0,1.04,716728,0.91,3466243.0
1.41,684152,0.91,10177220.0,0.7,390141,0.8,1951310.0
1.71,1139234,1.14,14131316.0,1.01,880469,0.92,3585093.0
1.72,1124963,1.09,15061822.0,0.89,1046262,0.99,3252602.0
1.65,1099508,1.09,14469190.0,0.99,702989,0.94,3403676.0
1.71,1217476,1.1,14937283.0,1.1,920948,0.86,3402041.0
1.64,1110603,1.16,14169565.0,0.95,837520,0.85,3354860.0
1.82,920870,1.24,11650559.0,1.03,692914,0.9,2945962.0
1.55,775681,1.08,10308454.0,0.74,392996,0.8,1980413.0
1.75,1237645,1.37,14733298.0,1.0,813852,0.9,3100888.0
1.62,1314269,1.32,14725452.0,0.9,882918,0.9,2856741.0
1.67,1302194,1.36,16304814.0,0.97,1039933,0.86,3728233.0
1.7,1275249,1.33,16206767.0,0.85,845194,0.87,3400464.0
1.66,1258866,1.29,14495857.0,0.91,691072,1.46,3338542.0
1.8,1072945,1.28,12551112.0,0.92,671130,0.95,2632010.0
1.49,1005051,1.04,10545324.0,0.68,405861,0.79,2178473.0
1.61,1478303,1.18,16678060.0,0.99,899496,0.72,3934728.0
1.59,1523320,1.06,18463388.0,0.92,714809,0.86,2917959.0
1.67,1504914,1.06,19549423.0,0.86,691300,0.76,3412762.0
1.52,1638218,1.04,19821838.0,0.94,652169,0.89,3937794.0
1.73,1311318,1.14,16323893.0,1.12,680387,1.12,2795649.0
1.6,713200,1.16,8255922.0,1.17,439129,1.4,1831454.0
0.73,41671,0.66,267943.0,0.44,52241,0.33,1233017.0
0.98,85577,1.05,1160824.0,1.33,10989,1.01,354969.0
1.46,189009,0.94,4528407.0,0.71,154173,0.7,1075557.0
1.6,721546,0.91,10828381.0,0.83,273331,0.73,2148763.0
1.63,1428552,0.93,18447064.0,0.97,790239,0.8,3817062.0
1.63,1584153,0.95,17666183.0,0.96,667278,0.82,3823010.0
1.94,1128448,0.99,15630039.0,1.12,459948,0.82,3066886.0
1.61,1116027,0.8,13574177.0,0.78,265972,0.69,2276133.0
1.64,1641687,0.97,19655733.0,1.2,574696,0.91,2797854.0
1.73,1495940,0.88,20603914.0,1.29,590650,0.9,2999807.0
1.7,1521414,0.87,18048338.0,1.36,455844,1.12,2523582.0
1.75,1511846,0.91,19351620.0,1.48,570051,1.44,2326392.0
1.56,1520357,0.88,17702384.0,1.71,518366,1.54,2051358.0
1.73,1365067,0.9,17678593.0,1.77,493282,1.53,2239213.0
1.62,914113,0.79,12342908.0,1.2,308540,1.24,1692339.0
1.66,1321564,0.89,18043002.0,1.65,635718,1.52,2670912.0
1.58,1512752,0.81,19744043.0,1.55,621200,1.12,3009423.0
1.6,1413588,0.85,18211982.0,1.57,615114,1.29,2874425.0
1.53,1474150,0.8,19216005.0,1.44,586285,1.16,2819122.0
1.47,1493233,0.8,16373786.0,1.55,573832,1.26,2294645.0
1.73,1111343,0.9,14402089.0,1.6,517413,1.23,2087043.0
1.58,841859,0.78,10782253.0,1.24,274899,1.0,1618210.0
1.55,1517115,0.89,16004904.0,1.66,580696,1.18,2505447.0
1.61,1439158,0.84,17332250.0,1.5,607013,1.62,2484372.0
1.66,1410693,0.88,16721422.0,1.42,604807,1.23,2347315.0
1.62,1481739,0.87,18069031.0,1.41,613872,1.91,3007326.0
1.71,1432406,0.88,15760005.0,1.45,633972,1.7,2655372.0
1.92,1028797,0.98,13421426.0,1.49,567073,1.3,1902241.0
1.56,854557,0.75,10237446.0,0.99,279589,0.95,1540908.0
1.8,1353680,0.92,15831128.0,1.44,651599,1.26,2583525.0
1.75,1271624,0.78,17777751.0,1.49,647667,1.16,2567928.0
1.63,1547213,0.85,15290247.0,1.37,664540,1.24,2320890.0
1.78,1313511,0.85,15034236.0,1.32,655708,1.13,2472256.0
1.66,1281856,0.85,14142699.0,1.52,587374,1.25,2032992.0
1.94,975004,0.91,12116747.0,1.65,548851,1.21,1986442.0
1.57,805465,0.77,8883475.0,1.22,266273,1.09,1442983.0
1.78,1336468,0.85,14177204.0,1.53,670894,1.28,2331129.0
1.89,1329201,0.82,14821953.0,1.53,627088,1.15,2356964.0
1.84,1240069,0.8,13690198.0,1.64,503430,1.23,1980979.0
1.73,1259405,0.84,15600831.0,1.7,565213,1.93,2726337.0
1.82,1040859,0.84,14447233.0,1.94,545282,1.35,2128344.0
2.21,831108,0.82,13190217.0,1.98,493073,1.51,1700621.0
1.84,750508,0.77,9770120.0,1.51,244021,1.16,1312292.0
1.88,1680024,0.84,14851249.0,2.01,558404,1.61,2305725.0
2.18,1502531,0.79,14427049.0,2.2,430464,1.5,2300278.0
2.03,1003758,0.85,11666482.0,2.4,450553,1.66,1891350.0
1.98,975611,0.86,12257764.0,2.33,550010,2.39,2469817.0
1.98,1124285,0.93,11497027.0,2.34,560593,1.61,1977771.0
2.27,824122,1.0,9804736.0,2.44,488170,1.66,1848715.0
1.8,691776,0.76,8010280.0,2.22,219219,1.29,1288189.0
2.17,1077211,1.06,13689061.0,2.19,635430,1.57,2251669.0
2.24,947983,0.97,12369208.0,2.28,616933,1.47,2554869.0
2.22,884086,0.98,11511335.0,2.12,509813,1.36,2185568.0
1.96,977404,1.01,11454586.0,2.18,448149,1.16,2437891.0
2.13,1078022,1.09,10622789.0,2.34,539098,1.39,1956032.0
2.29,710046,1.16,9406965.0,2.28,548275,1.46,1931048.0
1.8,557944,0.93,7378106.0,1.71,265472,1.05,1035520.0
1.76,1456185,1.14,11629294.0,2.07,620991,1.43,2165872.0
2.1,1016469,1.09,10313335.0,2.12,520982,1.4,2029986.0
2.08,924987,1.11,11282237.0,2.32,561560,1.49,2174929.0
1.99,1036706,1.09,11596039.0,2.01,639152,1.41,2241183.0
2.02,1113678,1.09,9602891.0,2.25,543601,1.52,2191905.0
1.92,902055,1.23,8650204.0,2.23,520789,1.62,1944988.0
1.61,779061,0.96,6613030.0,1.73,261912,1.2,992770.0
1.88,1011762,1.13,10820054.0,2.19,634090,1.6,2301748.0
1.92,928163,0.98,11892655.0,1.91,632826,1.55,2030529.0
1.67,1110755,1.0,10234301.0,2.08,557049,1.54,1977305.0
1.92,860920,0.91,10437706.0,2.11,587337,1.57,1917974.0
1.91,913886,1.06,9463609.0,2.17,637902,1.66,1926975.0
2.03,769949,1.05,9233373.0,2.12,665292,1.52,2124349.0
1.61,672967,0.81,6159209.0,1.59,439911,1.19,1213986.0
1.68,1270863,0.96,10816299.0,1.77,691095,1.8,2216657.0
1.8,876462,0.94,11340406.0,1.72,672710,1.66,1830959.0
1.77,945737,0.99,11008467.0,1.72,701447,1.51,1987349.0
1.66,1186529,0.97,11950764.0,1.54,907369,1.63,2109997.0
1.85,791780,0.99,9662139.0,1.82,695161,1.85,1541498.0
1.83,718163,0.97,10010657.0,1.68,797962,1.77,1802651.0
1.42,540075,0.84,6793287.0,1.36,463133,1.61,1128256.0
1.66,1136491,1.05,12046717.0,1.84,954721,2.03,2064372.0
1.62,778917,1.01,11554179.0,1.54,595938,1.65,1830094.0
1.76,964900,1.05,13269494.0,1.62,854515,1.94,2059442.0
1.74,966450,1.02,13442550.0,1.71,873698,1.99,2133481.0
1.94,865973,1.12,8868061.0,1.75,765515,1.95,1659289.0
1.81,825188,1.13,9097654.0,1.74,903259,1.91,1775598.0
1.55,575281,0.97,7359196.0,1.6,493036,1.65,1403044.0
1.43,1637185,1.17,12141521.0,1.8,990492,1.95,2185316.0
1.64,1003337,1.15,11982475.0,1.61,960670,1.67,2212194.0
1.67,959761,1.27,13158919.0,1.93,896538,1.8,2193755.0
1.8,874822,1.3,12557799.0,1.69,1020261,1.73,2393992.0
1.67,786048,1.5,10052233.0,1.88,899917,1.92,1827229.0
1.92,692208,1.59,10369754.0,2.01,904655,1.9,2045568.0
1.47,445629,1.32,6928382.0,1.73,634088,1.83,1294537.0
1.88,867450,1.63,12199744.0,1.79,1159217,2.02,2551666.0
2.06,895222,1.65,11048959.0,1.81,1162170,1.99,2218930.0
1.76,976217,1.56,11627656.0,1.77,1088422,2.05,2208971.0
2.04,833113,1.55,10737561.0,1.91,1174597,1.99,2474949.0
2.08,710105,1.73,7972194.0,1.9,940008,2.2,1821518.0
2.31,599968,1.73,9869720.0,2.11,981817,2.09,2296011.0
1.86,428409,1.45,6581859.0,1.91,567460,2.13,1403217.0
2.03,1013700,1.73,13131101.0,2.08,1250402,2.05,2706068.0
2.17,869328,1.72,10950665.0,2.18,1231121,2.33,2038523.0
2.14,856474,1.72,11660693.0,2.36,1162321,2.53,2457114.0
2.17,865297,1.57,12327015.0,2.36,1136445,2.25,2339843.0
2.5,614699,1.63,10519298.0,2.57,1330937,2.61,1675089.0
2.35,651656,1.82,9037462.0,2.48,1150155,2.26,2534915.0
2.04,459030,1.53,5990054.0,2.17,787378,2.19,1500779.0
1.94,1113576,1.8,10922909.0,2.63,1328104,2.19,2567909.0
2.3,719753,1.86,9898273.0,2.42,1536269,2.41,2014743.0
2.43,791068,1.62,10755959.0,2.71,1298981,2.29,2546093.0
2.28,802572,1.68,11191395.0,2.52,1373444,2.3,2350711.0
2.26,621421,1.89,8309332.0,2.65,1542835,2.46,1944160.0
2.5,726390,1.78,11692932.0,2.72,1487277,2.23,2462836.0
2.06,489663,1.56,5456715.0,2.62,991057,2.1,1159556.0
2.6,770882,1.78,11380377.0,2.75,1651734,2.25,2451358.0
2.51,718473,1.7,10085387.0,2.68,1454617,2.1,2413006.0
2.13,1064985,1.62,11506505.0,2.42,1494803,2.17,3011980.0
2.13,1064985,1.62,11506505.0,2.42,1494803,2.17,3011980.0
2.22,830098,1.76,9667911.0,2.53,1421746,2.01,2427659.0
2.22,830098,1.76,9667911.0,2.53,1421746,2.01,2427659.0
2.08,413218,1.77,5412000.0,2.14,724096,1.8,1495445.0
1.97,1121944,1.72,11821649.0,2.34,1672714,2.02,2879743.0
1.96,1245545,1.55,12710227.0,2.22,1492435,1.88,2757450.0
1.91,1760040,1.56,15997409.0,2.11,1693030,1.73,4862727.0
2.41,1665001,1.65,14090115.0,2.18,1359111,1.78,3786389.0
2.2,1020046,2.13,7174970.0,2.43,1464839,1.75,2972652.0
2.09,1366901,1.87,12034454.0,2.15,1248803,1.82,4180006.0
2.03,553134,1.72,8541791.0,2.01,691645,1.76,2355038.0
2.27,1203724,1.99,12971052.0,2.11,1299957,1.99,3401764.0
2.2,1446431,1.93,12500556.0,2.06,1199951,2.13,2627833.0
1.75,1987520,1.98,12071069.0,2.08,1213934,2.21,3142405.0
1.91,1719920,2.07,10858610.0,1.69,1753065,2.18,3301295.0
1.95,1127073,2.07,11054602.0,2.41,1191397,2.48,2331724.0
1.93,1377140,2.07,12569825.0,1.85,1214824,2.5,3264085.0
1.61,785003,1.57,10180250.0,1.37,878278,2.22,2098988.0
1.9,1179157,1.93,13424012.0,1.64,1545992,2.23,4331043.0
1.7,1545886,1.99,11791256.0,2.02,1428429,2.23,4452797.0
1.59,3121442,1.66,21855555.0,1.86,1688943,1.74,8161373.0
1.97,1349340,1.76,16506698.0,1.66,1440131,1.94,4652056.0
2.0,1446989,1.9,13294510.0,1.7,1100196,2.02,4630001.0
2.05,1455307,1.61,19967614.0,1.62,1452496,1.79,5595595.0
1.87,1154169,1.44,17598952.0,1.49,827299,1.3,4940632.0
2.2,1694269,1.53,20869236.0,1.74,1676286,1.78,5679641.0
1.62,2752915,1.5,26557408.0,1.48,2279413,1.5,8213935.0
1.89,466561,1.37,9784279.0,1.37,399781,1.88,1834487.0
2.1,933054,2.44,10307773.0,1.62,1071000,2.07,3042303.0
2.66,507042,2.93,5996356.0,2.03,957062,2.56,1451372.0
2.63,608656,2.42,8146448.0,1.82,981429,2.42,2735456.0
2.43,460292,2.23,5217959.0,2.04,593593,2.42,1018480.0
2.91,852275,2.53,7856865.0,2.14,847613,3.14,1837461.0
2.94,548543,2.98,5886935.0,2.25,719394,2.82,1437356.0
3.06,705355,2.81,6722150.0,2.66,768802,3.15,1911658.0
2.98,679450,2.3,9010082.0,2.54,776398,2.88,2013620.0
3.38,520825,3.28,6016797.0,3.02,877669,3.26,2481183.0
3.01,763028,3.03,6549103.0,3.42,735681,3.46,1773054.0
2.67,490308,2.86,4010587.0,2.88,429421,3.22,959337.0
2.97,821667,3.48,6553745.0,3.68,876849,4.0,1665604.0
3.01,712149,3.18,6212736.0,3.43,945246,3.73,1476936.0
3.0,799972,3.17,7537264.0,3.49,1009644,3.83,2425841.0
3.07,719403,3.31,6891070.0,3.46,1045241,3.83,2011260.0
3.55,552031,3.45,5524197.0,3.43,959348,4.06,1536194.0
3.31,626711,2.87,7843251.0,3.28,1133560,3.66,2057574.0
2.76,467902,2.29,6695749.0,2.96,613393,2.65,2452313.0
3.53,763295,2.36,11538560.0,3.44,1150122,3.99,1813779.0
3.07,857108,2.04,13978017.0,3.43,1037410,3.39,1780576.0
3.29,808516,2.87,9984365.0,3.41,945449,2.65,2985457.0
2.93,940398,3.14,6330853.0,3.33,941906,3.31,1935205.0
3.39,676748,3.35,4813885.0,3.57,802597,3.54,1507743.0
3.49,751833,2.99,6997814.0,3.7,811465,3.82,1788409.0
3.09,483221,2.53,4837190.0,3.37,535678,3.75,1091074.0
3.61,822647,3.26,5987251.0,3.89,1040772,4.2,2172913.0
3.53,703397,3.07,5982984.0,3.97,875271,4.01,1852435.0
3.77,771368,3.05,6705128.0,3.97,974469,3.65,2337350.0
3.65,761704,2.83,7126926.0,3.85,1132129,3.96,2405875.0
3.05,815982,3.04,5788705.0,4.22,813319,4.11,1872000.0
4.15,679250,3.11,5535396.0,4.35,732978,4.15,1725248.0
3.45,455211,2.82,4040036.0,4.11,496594,3.68,1204532.0
4.05,913514,3.04,6974392.0,4.55,1076095,4.04,1960787.0
4.09,697265,3.05,6212135.0,4.52,904869,3.74,1780048.0
4.18,724367,2.98,6753696.0,4.75,847580,3.7,2037139.0
3.96,651601,2.9,6281957.0,4.85,897335,3.85,1697320.0
4.58,463191,3.02,5785396.0,5.04,770834,3.89,1569315.0
4.18,614420,2.83,6751624.0,4.89,895090,4.08,1731528.0
3.71,423368,2.67,3773506.0,4.31,412189,3.7,819333.0
4.52,749596,2.85,5669625.0,4.88,892186,4.14,1635169.0
4.25,725215,2.71,7343461.0,4.76,805132,3.56,2120635.0
4.28,763892,2.71,7121484.0,4.49,734030,4.28,1849593.0
4.31,825642,2.31,7222806.0,4.12,926104,4.29,1951442.0
4.51,578958,2.66,5988979.0,4.71,772883,4.61,1270185.0
5.2,594909,2.69,5834719.0,5.34,704380,5.18,1102125.0
4.74,434744,2.35,3449165.0,5.27,498760,4.51,607958.0
4.92,872257,2.54,6655302.0,5.32,777874,5.3,1542678.0
5.12,635704,2.53,6457597.0,4.9,851885,5.04,1149094.0
4.78,738599,2.41,8300850.0,4.3,870431,5.04,1607925.0
4.61,710740,2.35,7867699.0,4.83,923449,4.88,1519530.0
5.25,516101,2.54,6405995.0,4.93,770542,5.57,1245735.0
5.09,596474,2.25,7968466.0,5.26,899530,4.84,1866874.0
4.46,430849,2.24,5354599.0,4.39,481781,4.56,974461.0
5.34,678620,2.35,7374207.0,4.63,976234,4.85,1692345.0
5.33,577618,2.27,7577319.0,4.36,936355,4.45,1538839.0
5.42,722914,2.25,10022344.0,4.53,952315,4.03,2034085.0
5.52,578746,2.32,8075631.0,4.33,876039,4.05,1826083.0
5.69,443352,2.7,5995954.0,4.56,848427,4.24,1523246.0
5.54,539105,2.5,8636289.0,4.38,1097766,4.07,2084629.0
5.43,339315,2.31,5045703.0,3.6,525332,3.42,1085024.0
6.17,736743,2.66,7556527.0,4.25,1055133,3.97,1907457.0
5.23,757687,2.67,7854799.0,4.08,1145893,3.67,1775500.0
5.97,674381,2.53,8856626.0,3.83,1156187,4.18,2552570.0
5.47,605098,2.48,8396534.0,3.92,1138514,3.32,1889486.0
5.56,524894,2.66,6727754.0,4.36,989064,3.6,1626841.0
5.9,574250,2.46,8158092.0,4.19,1270960,3.65,1729646.0
4.64,422220,2.21,5406543.0,3.64,794168,2.9,1172928.0
5.99,703446,2.61,8602018.0,4.07,1302195,3.48,2215871.0
5.68,599614,2.53,9827135.0,3.67,1256932,3.31,2311402.0
6.1,635473,2.39,10294701.0,3.51,1272481,3.22,2208851.0
5.92,561750,2.43,10243420.0,3.56,1288972,3.42,2156314.0
6.34,435845,2.61,8171021.0,3.54,1116213,3.59,1814538.0
6.49,497419,2.38,10367224.0,3.56,1096221,3.7,1869444.0
6.08,298364,2.34,6873096.0,3.26,700256,3.12,1149718.0
7.9,668644,2.3,10342060.0,3.34,1106492,3.86,2092639.0
7.93,476450,2.53,9079923.0,3.41,1054637,4.04,1584703.0
8.57,621067,2.34,10631982.0,3.42,917666,3.98,1735093.0
7.86,639179,2.31,11687898.0,3.21,1048510,3.83,1840681.0
8.31,358177,2.27,8817677.0,3.82,1006114,4.07,1474587.0
8.13,504295,1.89,11367786.0,3.64,932122,3.89,1683977.0
7.54,262805,1.74,6747274.0,3.26,693166,3.39,1179916.0
7.82,639088,1.82,11226943.0,3.69,1444957,3.83,2125604.0
7.29,526717,1.88,9822507.0,3.42,1265505,3.35,2041194.0
7.23,487000,1.75,10694141.0,3.25,1191287,2.87,2260094.0
6.52,456721,1.58,8773505.0,3.16,1477630,2.51,2392015.0
6.23,408356,1.65,7864038.0,2.9,1240606,2.42,2193920.0
6.36,561378,1.61,9798695.0,2.6,1217383,2.09,2586291.0
5.46,332672,1.31,6051316.0,2.23,883577,1.8,1701021.0
6.62,625746,1.55,9905955.0,2.24,1538111,3.19,4142880.0
5.99,667173,1.58,10116217.0,2.26,1500470,1.82,3067787.0
6.01,628361,1.66,10005923.0,2.45,1533140,1.74,2815998.0
5.8,562936,1.65,8856275.0,2.13,1481653,1.61,2526394.0
5.43,505964,1.84,7344424.0,2.48,1588690,1.54,2509647.0
6.0,635512,1.79,9902395.0,2.48,1544136,1.51,2782909.0
5.47,381363,1.61,5847919.0,1.71,1029026,1.25,2135917.0
4.97,1105716,1.94,9941502.0,2.15,1844910,1.39,3365143.0
4.8,727595,1.85,10123258.0,1.97,1737017,1.21,3532929.0
4.78,836128,1.96,10437811.0,2.1,1614219,1.26,3233136.0
4.71,729389,1.96,10999889.0,2.08,1771321,1.25,3229393.0
4.45,587885,2.3,7849421.0,2.36,1595333,1.49,2659864.0
4.7,445059,2.39,6333325.0,2.51,701370,1.31,1518566.0
4.71,184308,2.14,3196036.0,2.27,561437,1.2,968863.0
3.89,1060900,2.28,11964986.0,1.97,1939813,1.45,4078449.0
3.81,983473,2.19,12262061.0,1.96,2035843,1.48,3956302.0
3.82,1161539,1.96,18316798.0,1.81,1978188,1.51,4208620.0
3.74,1016529,2.08,14518608.0,2.04,2100427,1.63,3748425.0
4.3,589724,2.42,8060142.0,1.99,1462662,1.72,2886224.0
3.92,528848,2.45,5527655.0,2.13,899419,1.44,2012095.0
3.12,588010,2.21,6582016.0,1.41,920373,1.35,2802946.0
3.5,1291190,2.4,12751935.0,1.74,2086481,1.6,4770980.0
3.52,1228374,2.33,13128934.0,2.15,2038904,1.48,4910791.0
3.65,1076832,2.51,11565544.0,1.92,1647006,1.6,4196835.0
3.81,669028,2.28,7918962.0,2.02,1187688,1.41,2919876.0
3.44,519911,2.45,6751111.0,2.06,979055,1.4,2485276.0
2.79,766881,2.28,9882870.0,1.73,1069044,1.07,2939181.0
2.46,873941,2.12,7275867.0,1.35,1114023,1.04,3481030.0
2.57,1739896,2.44,13382299.0,1.65,2353564,1.32,5061015.0
2.45,1784881,2.25,15807898.0,1.81,2073011,1.42,4656724.0
2.52,1537282,2.44,12197950.0,1.94,2073737,1.66,4432035.0
2.7,1193797,2.48,10013797.0,2.11,1713166,1.79,4192532.0
2.7,584920,2.22,7909468.0,2.28,987897,1.75,2677234.0
2.22,939935,2.27,8276857.0,2.08,1290867,1.55,3154059.0
1.85,966087,2.07,7462620.0,1.55,1194629,1.38,3552212.0
2.17,1733814,2.22,14057256.0,2.03,2211512,1.78,5464875.0
2.11,1596454,2.18,13704369.0,1.95,1879532,1.63,5153698.0
1.9,1593504,2.15,12304193.0,1.92,1860874,1.64,4931892.0
2.13,1313680,2.07,11663483.0,2.0,1771788,1.59,4270899.0
2.19,818366,2.24,8114884.0,2.28,1260639,1.53,3006266.0
1.95,1005621,1.95,9421724.0,2.1,1062569,1.13,3165237.0
1.37,1041178,1.83,7339935.0,1.74,1001134,0.87,3689669.0
1.64,1813289,1.95,14044573.0,2.02,2053949,1.15,5250219.0
1.56,1666317,1.93,12041694.0,1.96,1748121,1.03,5090780.0
1.58,1711068,1.95,13395309.0,2.12,1803856,1.04,5740266.0
1.64,1429610,1.77,12558334.0,2.1,1611587,0.99,4886442.0
1.72,962004,1.98,9517812.0,2.17,1274734,0.97,4061752.0
1.51,814091,1.9,8115157.0,2.11,902848,0.75,3176099.0
1.32,868109,1.79,7074673.0,1.75,806587,0.63,3557622.0
1.38,1699771,1.86,12567942.0,1.85,1481371,0.72,5091067.0
1.31,1763459,1.77,13899468.0,1.63,1310644,0.67,5663648.0
1.38,1911795,1.78,16128173.0,1.69,1226743,0.72,5941044.0
1.5,1410730,1.89,13185665.0,1.76,1129724,0.84,4942380.0
2.03,830476,2.1,7762759.0,2.19,884469,1.2,2890296.0
2.47,299488,2.22,2737847.0,2.79,280960,1.09,984851.0
0.68,24570,1.7,208155.0,1.68,48006,0.77,316297.0
1.36,538060,1.49,5802560.0,1.68,203053,0.82,2218761.0
1.53,1471094,1.51,14370779.0,1.67,917365,0.94,4064196.0
2.0,2097955,1.62,17792142.0,2.35,1325020,1.34,4861779.0
1.93,1949414,1.43,16888526.0,2.27,1196630,1.4,4437910.0
2.19,1273052,1.49,11965298.0,2.58,1038355,1.62,3578031.0
1.74,1482467,1.29,12927127.0,2.06,850826,1.55,3121216.0
1.6,1358237,1.16,9540550.0,1.9,486968,1.35,2838924.0
1.78,1965504,1.29,14737632.0,2.59,1071330,1.75,4104026.0
1.69,1665910,1.23,14439011.0,2.62,921452,1.6,4000847.0
1.7,1653388,1.18,16729157.0,2.59,882885,1.79,3573569.0
1.74,1608532,1.17,14957081.0,2.55,893670,1.61,4137634.0
1.94,977566,1.34,9266812.0,2.86,772550,1.76,3160377.0
1.98,1115499,1.19,12184552.0,3.02,724608,1.57,3093283.0
1.72,835913,1.11,8170139.0,2.15,434621,1.35,2831679.0
2.16,1593546,1.4,13322332.0,2.63,1007328,1.37,4393772.0
2.12,1397419,1.34,11546500.0,2.22,870266,1.16,4251293.0
2.33,1497567,1.53,12549130.0,2.22,914529,1.06,4662963.0
2.02,1578654,1.5,11394062.0,1.99,952344,0.98,4610208.0
2.41,1029895,1.74,9435302.0,1.88,838105,0.93,4023117.0
2.45,1186014,1.69,10936243.0,1.87,802906,0.9,4149105.0
2.02,879919,1.39,7919630.0,1.32,565272,0.88,2739894.0
2.75,1364265,1.89,13833970.0,1.77,970798,0.9,4265325.0
2.53,1425215,1.57,14503968.0,1.67,883495,0.85,4003038.0
2.62,1501778,1.45,17051978.0,1.66,862837,1.01,3901833.0
2.59,1240722,1.44,14802903.0,1.57,936179,0.97,4306106.0
3.01,953258,1.69,9590354.0,1.79,798220,1.12,3575761.0
2.72,1045169,1.44,11599047.0,1.7,669843,0.97,4115560.0
2.1,812874,1.19,7893180.0,1.35,374525,0.85,2621119.0
2.38,1371228,1.49,13289350.0,1.59,955817,1.01,4027159.0
2.4,1287112,1.3,14067376.0,1.52,998361,1.0,4287243.0
2.23,1330144,1.28,18655578.0,1.45,1093631,0.97,4277561.0
2.28,1136715,1.3,12647676.0,1.36,1049434,0.95,4101458.0
2.72,784927,1.44,9113464.0,1.56,907731,1.11,2897864.0
2.49,749511,1.37,9581711.0,1.49,608374,0.94,2844004.0
1.99,797134,1.01,8612404.0,1.17,512752,0.81,2760511.0
2.48,1302778,1.25,14878046.0,1.27,1132150,0.92,4470076.0
2.34,1302932,1.14,16340363.0,1.22,1123029,0.9,4764533.0
2.39,1074624,1.19,14186377.0,1.24,1008591,0.9,3660034.0
2.17,1155326,1.1,14444661.0,1.07,983408,0.85,3761528.0
2.44,867225,1.17,10125442.0,1.11,893248,0.93,3119137.0
2.33,987682,1.23,11375752.0,1.04,878544,0.93,3208014.0
1.91,727079,0.98,7773539.0,0.91,401864,0.9,2383557.0
2.31,1192345,1.4,13529080.0,1.08,853867,1.07,4117208.0
2.0,1298647,1.31,14354536.0,1.06,901421,1.02,3505758.0
2.11,1358360,1.43,12818708.0,1.06,863358,0.95,3841473.0
2.12,1262106,1.38,14302654.0,1.07,833030,0.91,3849639.0
2.39,927083,1.59,12664494.0,1.24,865988,1.15,3254208.0
2.13,1017336,1.61,13915961.0,1.18,714759,0.99,3451927.0
1.95,693232,1.06,8931543.0,1.04,479149,0.86,2117928.0
2.01,1437595,1.43,14265666.0,1.38,1141079,0.94,3450143.0
1.96,1299942,1.22,13897480.0,1.08,848373,0.84,3593056.0
2.08,1201444,1.18,11965640.0,1.35,938511,0.88,3174748.0
2.0,1232848,1.14,14188849.0,1.13,869962,0.85,3530286.0
2.18,969735,1.12,11664342.0,1.27,820492,1.02,2812214.0
2.15,813735,1.12,10862226.0,1.15,626415,0.88,2894302.0
1.78,779828,0.92,11071782.0,0.88,451276,0.86,2243469.0
2.08,1455878,1.09,13721972.0,1.11,813694,0.9,3586436.0
2.3,1382739,1.07,15248259.0,1.34,879060,0.86,3893756.0
2.13,1242098,1.13,13146705.0,1.11,827053,0.95,3569392.0
1.94,1461997,1.08,15911553.0,1.07,852544,0.94,3592544.0
2.24,1148506,1.13,11971483.0,1.07,786117,0.94,3232338.0
2.15,1064328,1.19,12555160.0,1.18,732581,0.93,3161692.0
1.93,936939,0.98,11240434.0,0.92,430395,0.86,2069231.0
2.09,1553374,1.15,15506497.0,1.12,845307,0.92,3523528.0
2.14,1555873,1.09,17581171.0,1.03,859294,0.98,3827941.0
2.25,1173581,1.2,13435121.0,1.12,751383,0.97,3635375.0
2.39,760533,1.31,8212511.0,1.1,586976,1.07,3018843.0
1.31,55237,1.51,181315.0,1.39,4588,0.93,95318.0
1.19,29903,1.07,1725779.0,0.7,43390,0.79,544891.0
1.75,351324,1.05,7772431.0,0.89,249697,0.75,2249180.0
2.12,1052190,1.14,13041616.0,1.1,609698,0.92,3702703.0
2.27,1554236,1.17,16175917.0,1.03,749123,0.91,4132999.0
2.22,1639222,1.28,15690958.0,1.32,746038,1.2,4296630.0
2.16,1589952,1.12,15485181.0,1.2,710478,0.94,3302270.0
2.26,1316808,1.17,13049470.0,1.32,578692,1.08,2768322.0
2.15,1386903,1.13,12823964.0,1.57,499389,1.23,2798999.0
1.99,1097545,0.97,10364776.0,1.14,324485,1.13,2419109.0
2.18,1626629,1.06,15393116.0,1.48,755940,1.38,2981257.0
2.15,1614212,1.02,16047092.0,1.4,646588,1.33,2834160.0
2.08,1694115,0.99,15625500.0,1.45,654711,1.41,2787396.0
2.11,1709659,0.87,16368587.0,1.44,663146,1.37,3048431.0
2.17,1444340,0.92,14910925.0,1.86,967061,1.49,2723404.0
2.01,1426633,0.92,14699783.0,1.85,581507,1.5,2492671.0
2.17,1107557,0.81,12290783.0,1.11,392813,1.21,1876330.0
2.18,1561232,0.96,17730312.0,1.52,746775,1.52,2825760.0
2.16,1627853,0.89,17477921.0,1.49,784760,1.36,2941318.0
2.09,1595321,0.91,16760941.0,1.51,718188,1.45,2747885.0
1.94,1593890,0.95,17519936.0,1.56,774624,1.44,3186528.0
2.24,1362120,0.96,15001485.0,1.6,701671,1.47,2560754.0
2.32,1151843,1.11,13620962.0,1.64,634164,1.58,2276728.0
2.11,979093,0.95,11976205.0,1.29,357765,1.36,1989841.0
2.15,1524045,1.14,16615897.0,1.58,815032,1.52,2735070.0
2.21,1655959,1.02,17663379.0,1.47,706801,1.36,2904305.0
2.25,1626839,1.07,15761265.0,1.53,726547,1.46,2527961.0
2.03,1712455,1.06,17318840.0,1.48,709129,1.38,2975600.0
2.16,1543259,1.05,15868476.0,1.53,708551,1.47,2589675.0
2.3,1227960,1.16,13385089.0,1.41,657740,1.53,2657802.0
1.99,1227511,0.94,10763051.0,1.4,458982,1.2,1729532.0
2.31,1611324,1.16,17663665.0,1.53,902260,1.27,3280327.0
2.13,1622966,1.01,15930058.0,1.46,739360,1.28,2753485.0
2.12,1696826,1.09,15365004.0,1.49,746472,1.31,2483695.0
2.21,1650743,1.09,16847569.0,1.4,851705,1.13,2952973.0
2.3,1380512,1.1,15838615.0,1.45,824622,1.2,2543848.0
2.38,1362743,1.17,14401610.0,1.66,788160,1.32,2503259.0
2.23,1079061,1.04,10529746.0,1.31,373504,1.08,1736271.0
2.24,1757560,1.12,16385973.0,1.44,809219,1.21,2763930.0
2.35,1673644,1.03,16081817.0,1.64,835149,1.13,2875660.0
2.22,1861815,1.14,17654572.0,1.5,816541,1.19,2771206.0
2.2,1730265,1.04,17191002.0,1.45,776810,1.07,3229084.0
2.26,1494845,1.09,15612491.0,1.55,765874,1.21,2830883.0
2.45,1249621,1.09,13771041.0,1.65,656799,1.24,2931448.0
2.02,1073078,0.99,10225063.0,1.31,390418,1.05,2012132.0
2.26,1715234,1.08,16258680.0,1.63,844924,1.18,2866146.0
2.45,1539234,0.94,15511027.0,1.48,775413,1.03,2780457.0
2.37,1284677,0.96,15678152.0,1.48,782780,1.15,2899132.0
2.34,1459281,1.02,16610192.0,1.38,814956,1.1,3118760.0
2.46,1387753,1.01,14219402.0,1.58,677874,1.27,2704794.0
2.4,1063006,1.06,13530951.0,1.59,712676,1.24,2502402.0
2.25,933649,0.94,10134928.0,1.37,376442,1.09,1894881.0
2.26,1437595,1.05,14851481.0,1.71,989277,1.17,2962882.0
2.48,1440592,1.0,15676128.0,1.63,735539,1.14,3054420.0
2.31,1539869,1.08,17412721.0,1.68,677069,1.25,2615409.0
2.44,1365917,1.05,15750733.0,1.66,701835,1.17,2731927.0
2.37,1136596,1.05,13419007.0,1.87,777404,1.28,2215436.0
2.18,1253280,1.15,13206014.0,2.11,592778,1.38,2642545.0
1.68,1488444,1.09,9635611.0,1.61,350742,1.15,1841644.0
2.41,1406981,1.12,15075660.0,1.95,817454,1.35,2867571.0
1.99,1738663,1.07,14555441.0,1.85,708934,1.21,3539905.0
2.0,2036365,1.14,15763709.0,1.85,760131,1.35,3821039.0
2.59,1305863,1.16,13518503.0,1.85,686718,1.35,2899672.0
2.38,1219838,1.22,12335434.0,2.04,629432,1.26,2549707.0
2.51,946066,1.38,10354750.0,2.32,471806,1.53,2290867.0
2.18,944042,1.19,9241060.0,1.9,298846,1.23,1742600.0
2.55,1185708,1.43,13358800.0,2.23,689690,1.42,2325378.0
2.21,1299146,1.3,12532617.0,2.27,802615,1.31,2538142.0
2.35,1181106,1.53,12307112.0,2.34,722716,1.64,2626931.0
2.21,1218731,1.56,15043304.0,2.28,651088,1.55,2823369.0
2.44,861320,1.74,11974292.0,2.27,684829,1.78,2195258.0
2.54,813752,1.83,9349665.0,2.59,605963,1.66,2261936.0
2.36,720046,1.57,7203193.0,2.23,305909,1.34,1596769.0
2.6,1146185,1.8,11452663.0,2.35,844648,1.64,2878757.0
2.5,1140313,1.64,11066467.0,2.46,742926,1.52,2913786.0
2.51,1099283,1.65,12367881.0,2.62,706908,1.58,2570571.0
2.4,1210967,1.54,13424962.0,2.37,628337,1.55,2755958.0
2.4,1060428,1.75,11434496.0,2.27,784067,1.51,2807560.0
2.3,1091399,1.64,12318080.0,2.2,784295,1.46,2867881.0
2.16,729731,1.53,7785247.0,2.21,359930,1.31,1653824.0
2.71,935008,1.84,12262309.0,2.61,795452,1.59,2731189.0
2.63,860404,1.81,12195869.0,2.51,780935,1.42,3000884.0
2.61,969754,1.91,12054454.0,2.35,660095,1.4,2897631.0
2.56,999696,2.11,10899356.0,2.39,770136,1.56,2900733.0
2.66,747227,2.06,9698600.0,2.67,613180,1.65,2176592.0
2.75,812508,2.05,8778609.0,2.57,681576,1.51,2718255.0
1.93,751276,1.63,7365490.0,2.41,458733,1.27,1696511.0
2.96,1037928,1.95,12005301.0,2.46,968956,1.4,3046190.0
2.39,1148963,1.8,12824493.0,2.53,887967,1.34,3554387.0
2.83,889678,2.04,12274133.0,2.98,744165,1.46,3394779.0
2.85,714007,1.85,10310455.0,2.73,641715,1.38,2710749.0
2.97,855478,2.24,9351108.0,3.02,922396,1.64,2393439.0
2.46,1071769,2.29,10032864.0,2.53,1068312,1.59,2685118.0
3.0,540251,2.11,6080913.0,2.7,493391,1.57,1690647.0
3.16,810964,2.58,11268501.0,2.72,1006801,1.68,2809967.0
3.23,852560,2.3,11595899.0,2.47,1146462,1.6,2548216.0
3.02,838047,2.23,11733067.0,3.31,837336,1.72,3219134.0
3.17,636076,2.33,9746241.0,3.49,846253,1.7,2811444.0
3.19,680296,2.48,8673113.0,3.16,852507,1.96,2136158.0
3.5,637238,2.53,8615602.0,3.5,765444,1.99,2626881.0
2.75,589450,2.28,5487123.0,2.49,648575,1.7,1567306.0
3.81,803307,2.51,10142505.0,3.58,984261,2.03,2860699.0
3.49,773432,2.53,8809744.0,3.47,933349,1.98,2532054.0
3.46,780359,2.59,10309802.0,3.59,947087,1.89,2762617.0
3.18,740808,2.51,8118430.0,3.74,911119,1.75,2565332.0
4.16,553656,2.79,7763999.0,3.64,1028852,2.32,2706447.0
3.79,644130,2.68,8212759.0,3.48,960380,2.3,2778768.0
3.27,429033,2.48,5164583.0,3.34,804100,2.0,1954202.0
4.04,673661,2.73,9098733.0,3.52,1216017,2.13,2935351.0
3.35,781293,2.46,9414435.0,3.67,1293549,1.9,3486090.0
3.51,639699,2.53,8484764.0,3.08,1491774,1.86,3405213.0
3.33,688168,2.6,8118738.0,3.69,1160359,2.2,3315903.0
3.72,465162,2.65,6719587.0,3.82,1013275,2.2,2240971.0
3.61,550019,2.77,7411401.0,3.62,1247682,1.88,2834270.0
3.23,376164,2.47,5426547.0,3.58,878929,1.78,2130088.0
3.73,613675,2.89,7555263.0,4.16,1187461,1.99,2609426.0
3.59,633298,2.7,8139693.0,3.94,1473781,1.98,3161660.0
3.55,542838,2.78,7553749.0,4.39,1137180,2.02,2987925.0
3.69,622776,2.81,7792588.0,4.18,1363648,2.23,3006292.0
3.84,481763,3.01,5735834.0,4.53,1063688,2.47,2153449.0
4.16,541798,2.68,8037239.0,4.84,1144950,2.33,3043166.0
4.17,401646,2.73,4843885.0,4.11,822032,2.41,2199987.0
4.33,713692,2.88,7919291.0,4.8,1377182,2.45,3101819.0
4.09,744819,2.57,7324763.0,4.68,1298670,2.26,2973810.0
4.14,657978,2.76,8175316.0,5.03,1193961,2.45,2949090.0
4.14,581827,2.97,7061071.0,4.81,1448480,2.45,2836715.0
4.41,407425,3.35,5582522.0,4.28,1607027,2.69,2194570.0
4.44,520658,3.16,6521257.0,4.45,1273979,2.32,3185281.0
3.95,434421,2.73,5478400.0,3.79,863634,2.42,2002362.0
4.11,712898,3.0,7829831.0,4.13,1366698,2.51,2944566.0
4.08,660520,2.76,8136659.0,4.05,1441502,2.45,2951668.0
4.18,760440,2.83,7554154.0,3.88,1560999,2.84,3291397.0
3.86,747643,2.69,7680152.0,4.0,1313473,2.73,2783037.0
4.23,427124,2.58,8112741.0,3.96,1288293,2.94,2145382.0
3.81,705134,2.79,7645675.0,3.73,1437646,2.6,2884240.0
3.56,429503,2.73,5282186.0,3.35,1001795,2.68,2278921.0
4.02,629193,2.68,9028302.0,3.47,1413428,2.88,3038495.0
4.13,683860,2.47,9886206.0,3.22,1322987,2.58,3166112.0
3.97,712506,2.69,9239586.0,3.26,1222155,2.74,3302780.0
3.68,684826,2.39,11022169.0,3.19,1305986,2.82,2760009.0
4.51,408267,2.88,6688736.0,3.38,1036805,3.24,2047417.0
3.62,630142,2.48,8466953.0,3.09,1198881,2.92,2948860.0
3.33,495514,2.51,5664415.0,2.5,803048,2.96,2140738.0
3.8,981773,2.45,9363134.0,2.93,1468565,3.36,3114811.0
3.41,772674,2.16,10665317.0,3.05,1233208,3.21,2959978.0
2.43,1316951,2.22,10661729.0,2.98,1291767,3.23,3335788.0
3.7,651794,2.31,7643030.0,2.82,1194620,3.34,2610441.0
2.55,747533,2.32,6922270.0,2.91,952436,3.5,2348326.0
3.01,588575,2.18,7913497.0,2.83,1070434,2.75,3132539.0
3.01,440715,2.02,5067512.0,2.37,654427,2.61,1999957.0
3.19,972683,2.12,9769607.0,2.4,1311188,2.94,3251588.0
3.39,811685,2.16,9455324.0,2.38,1355923,2.52,3534054.0
3.28,894083,1.99,9536940.0,2.38,1248285,2.85,3015152.0
3.13,780656,2.2,8621759.0,2.42,1258880,2.08,4262613.0
2.9,128691,2.23,1953900.0,2.14,307616,2.57,669574.0
3.73,419175,2.52,5231905.0,2.46,754585,3.04,2151616.0
3.55,542222,2.19,5717011.0,2.09,874772,2.63,2050961.0
4.29,946855,2.48,8492897.0,2.73,1606481,3.28,3195331.0
4.16,785167,2.37,8103238.0,2.68,1346052,2.83,2940709.0
4.14,783807,2.33,9067674.0,3.1,1371079,2.82,3689079.0
4.3,591901,2.4,6969451.0,3.21,1414554,3.15,2671132.0
4.62,451919,2.55,6309780.0,3.44,1358798,3.44,1896811.0
4.4,620522,2.21,8238975.0,3.66,1283573,2.77,2758286.0
3.68,506757,2.1,6251130.0,3.22,937672,2.45,2413322.0
4.05,864271,2.16,9180786.0,3.53,1478231,2.75,3375602.0
3.72,793167,2.1,8753465.0,3.24,1475031,2.68,3211289.0
3.85,694138,2.09,9035628.0,2.99,1428466,2.58,3240374.0
3.8,644517,2.2,7685453.0,3.22,1417931,3.17,2689964.0
4.43,535364,2.39,6757202.0,3.1,1217604,3.43,2250390.0
4.32,436378,2.08,7735594.0,3.14,1149358,3.18,2396311.0
3.86,601262,1.87,5929620.0,2.95,949165,2.83,1771476.0
4.72,937502,1.91,9249598.0,3.19,1308259,3.36,2439512.0
4.61,777900,1.83,8144776.0,2.85,1296776,3.44,2408032.0
4.52,743012,1.87,7302796.0,3.15,1208819,3.64,2457392.0
4.63,647165,1.99,6333754.0,3.39,895922,3.25,2484788.0
4.68,499970,2.04,6753885.0,3.34,1064970,3.71,1976553.0
4.43,593149,1.97,7535908.0,3.63,1153201,3.59,1928613.0
4.24,476283,2.07,5032456.0,3.55,777052,3.8,1513927.0
4.78,855205,2.18,8218899.0,3.96,1364448,4.16,2403718.0
4.62,695462,2.2,8153436.0,4.22,1147161,4.13,2061877.0
5.27,669200,2.26,8669214.0,4.16,1253594,4.37,2450945.0
5.29,535906,2.41,6780262.0,4.64,1036737,4.44,2041533.0
5.41,400339,2.6,5944562.0,4.74,779237,4.81,1587586.0
5.3,534380,2.34,7696184.0,4.51,952782,4.56,2209154.0
5.23,539303,2.21,5644288.0,4.19,623725,4.52,1529775.0
5.69,924072,2.19,9022490.0,4.53,1100457,4.54,2472210.0
5.65,727761,2.3,7522160.0,4.61,1128419,4.61,2115286.0
5.52,765141,2.33,8195269.0,4.46,1188599,4.62,2246008.0
5.77,588260,2.37,8056683.0,4.94,1307043,4.51,2229309.0
6.03,465500,2.57,6883656.0,4.53,1071513,4.01,2590798.0
5.6,549013,2.49,7223369.0,4.76,1114496,3.96,2190353.0
4.82,489304,2.45,6189288.0,3.75,999571,3.63,1944282.0
5.65,877666,2.58,8951064.0,3.7,1682381,3.73,3060939.0
5.11,716322,2.37,8737871.0,3.66,1266391,3.47,2810486.0
5.43,713640,2.41,9706555.0,3.55,1605531,3.41,3451742.0
5.44,598612,2.46,7555984.0,3.6,1340654,3.58,2515701.0
5.72,395627,2.73,6239927.0,3.56,1045171,3.95,2025465.0
5.68,526690,2.4,7716539.0,3.88,1560775,3.81,2540692.0
5.51,589342,2.26,6258227.0,3.66,1042750,3.6,2089472.0
5.88,986394,2.3,9307463.0,3.69,1655309,3.77,2972168.0
5.49,696268,2.3,7896811.0,4.09,1208425,3.36,2735354.0
5.89,716777,2.35,7525663.0,3.76,1346778,3.62,2379662.0
5.58,543896,2.37,6892748.0,3.86,1178624,4.05,2162810.0
5.98,440510,2.49,5743220.0,3.9,1009859,3.99,1866723.0
5.42,601873,2.26,7802744.0,4.21,1136508,3.63,2154421.0
4.86,551858,2.1,6177859.0,3.63,948830,3.64,1870318.0
5.86,975309,2.35,9628016.0,4.07,1564725,3.89,2436232.0
5.4,757100,2.24,9326974.0,4.23,1465151,3.71,2352671.0
5.21,689044,2.23,9718862.0,3.54,1362588,3.36,2886650.0
5.08,653223,2.44,8008400.0,3.82,1385290,3.66,2295044.0
5.64,497068,2.63,7314747.0,4.01,1307585,3.63,2125395.0
5.8,473929,2.26,8595845.0,3.7,1332680,2.93,2394409.0
5.21,416932,2.19,7233444.0,3.37,997442,2.63,2384226.0
6.6,907110,2.33,9275497.0,3.55,1602349,2.89,3069521.0
5.75,713093,2.26,9261074.0,3.42,1503024,2.8,3022718.0
6.61,766660,2.36,10294269.0,3.32,1548819,2.76,3017794.0
6.4,618320,2.49,8303355.0,3.06,1318128,2.67,2542256.0
6.9,416363,2.93,6336830.0,3.08,1104715,2.92,1978781.0
7.67,508221,2.83,8655533.0,3.07,1468640,2.69,2631256.0
6.91,427418,2.51,6887443.0,3.0,1085007,2.46,2118687.0
8.91,861949,2.9,10049489.0,3.02,1680761,2.76,3324010.0
7.91,659215,2.81,9004111.0,2.87,1686367,2.63,2779085.0
8.28,749722,2.72,9560520.0,2.97,1526218,2.62,3267219.0
8.43,589697,2.95,7890553.0,2.73,1632499,2.64,2679652.0
8.22,478818,3.22,6468339.0,2.87,1542703,3.06,2044088.0
8.15,560625,2.9,8348526.0,2.79,1791972,2.81,2615910.0
7.2,459351,2.65,7303486.0,2.22,1222034,2.38,2199920.0
8.5,780176,2.89,9196379.0,2.87,1817578,2.77,3208095.0
7.76,609155,3.29,9424882.0,3.01,1768612,2.7,2795704.0
7.79,573224,2.95,9161699.0,2.69,1637210,2.8,3023204.0
7.19,579814,2.8,9303375.0,2.64,1661323,2.57,3146779.0
7.34,429366,3.42,6692811.0,2.91,1428442,2.88,2255011.0
7.43,593512,2.94,8593774.0,2.66,1473584,2.77,2698861.0
7.16,399191,2.86,5993536.0,2.64,1500026,2.4,2364856.0
8.23,783807,3.11,9339942.0,2.79,2100896,2.58,3279106.0
7.41,836027,3.03,8661509.0,2.9,1909851,2.43,3077701.0
7.92,701035,2.82,9432662.0,2.77,1951780,2.46,3434373.0
7.71,647203,3.06,8073149.0,2.81,1615996,2.36,3220043.0
7.38,419600,3.2,6621472.0,2.86,1434839,2.43,2619774.0
7.75,604475,3.01,8933613.0,3.0,1535696,2.27,3076291.0
6.75,400899,2.71,6193773.0,2.58,1106530,1.86,2288383.0
8.67,791020,3.02,9850682.0,2.85,1965030,2.32,3494384.0
7.87,661686,2.97,9365146.0,2.81,1857335,2.1,3454836.0
7.92,686434,2.94,10722328.0,3.03,2017783,1.99,4459412.0
8.0,487542,3.32,7871037.0,2.94,1952035,2.15,3606815.0
7.87,406582,3.37,6649433.0,3.14,1705595,2.44,2782662.0
7.72,530240,3.35,7760335.0,3.16,1739802,1.96,3209411.0
7.3,450565,2.88,6878662.0,2.55,1506554,1.65,3101051.0
8.2,834687,3.26,10099089.0,2.9,2138316,1.97,3785340.0
7.77,797390,3.44,9274094.0,2.88,2156616,1.93,4108926.0
8.42,687964,3.35,9705539.0,2.83,1875706,1.82,3969577.0
8.94,649809,3.36,7894378.0,2.9,1925833,1.89,3694852.0
8.25,491988,3.69,6747399.0,3.15,2018471,2.05,2873127.0
7.84,613895,3.29,8370997.0,3.03,1736458,1.91,3417891.0
7.34,536926,2.96,7092375.0,2.86,1448272,1.53,3512025.0
7.61,1001663,3.36,11108954.0,2.94,2229306,2.17,3932540.0
7.61,830815,3.22,10538870.0,2.96,2086949,2.19,4081656.0
6.87,799842,3.16,10481789.0,3.17,2047227,2.35,3819757.0
7.39,632921,3.41,7513903.0,3.35,2155225,2.53,3731531.0
6.98,483277,3.66,6978898.0,3.33,1926148,2.93,3047677.0
7.0,698646,3.24,8542692.0,3.56,2002892,2.46,3836779.0
6.62,597599,3.04,6829458.0,3.15,1757923,2.21,3933288.0
7.13,1011058,3.32,10599479.0,3.33,2650631,2.65,4586849.0
6.58,983627,3.22,10429003.0,3.09,2097028,2.81,5857701.0
6.36,932879,2.98,11914031.0,3.32,2106177,2.32,5080910.0
6.82,719039,3.21,8529965.0,3.47,1833953,2.53,3879541.0
7.19,506136,3.51,6888073.0,3.88,1657807,2.55,3148995.0
5.18,774600,3.01,9551395.0,3.64,1952341,1.98,4245697.0
3.88,745946,2.53,8124885.0,3.03,1677003,1.56,4411102.0
4.08,1313321,2.76,12167207.0,3.24,2559393,1.8,5342085.0
3.78,1321856,2.39,13963784.0,3.0,2530647,1.63,5797386.0
3.57,1400518,2.51,14554848.0,3.04,2244841,1.77,5908854.0
3.7,1056384,2.71,10831718.0,3.26,1999494,2.04,4146822.0
3.87,741216,2.89,8795770.0,3.44,1791494,2.19,3890811.0
3.34,895045,2.65,8970107.0,3.05,1667609,1.57,4095322.0
3.0,892322,2.27,6990074.0,2.63,1262861,1.23,4243534.0
2.77,1327664,2.46,10864014.0,2.72,2236211,1.36,5451699.0
2.54,1416720,2.18,11708466.0,2.59,2065290,1.11,6430103.0
2.4,1428880,2.19,12466593.0,2.4,1972557,0.99,6000940.0
2.4,1626145,2.26,12832144.0,2.27,1876005,1.07,5942366.0
2.73,1209991,2.56,11792642.0,2.65,1742961,1.23,5041732.0
2.67,1379137,2.34,12494371.0,2.39,1515528,1.15,4700283.0
2.46,1233686,2.05,9494527.0,2.1,955574,0.98,3959083.0
2.56,1766336,2.45,14972426.0,2.49,2078770,1.32,5551400.0
2.59,1437460,2.53,12701848.0,2.57,1737897,1.42,5336874.0
3.58,959079,2.66,9229257.0,2.86,1388989,1.75,3561700.0
3.21,116303,2.51,1768256.0,3.28,104908,1.78,866226.0
2.04,620644,2.05,6502763.0,2.05,879033,1.26,3892071.0
2.71,1293972,2.24,14117959.0,2.09,2095485,1.38,5212260.0
2.33,1127972,1.95,9836263.0,2.06,1012393,1.07,4274296.0
2.51,1672978,1.96,15241191.0,2.07,1805028,1.22,4798027.0
2.27,1640204,1.78,15243643.0,1.83,1728811,1.0,6028486.0
2.16,1747440,1.76,15802500.0,1.87,1698932,1.0,5738399.0
2.21,1496035,1.89,14389840.0,1.91,1533428,1.05,5480436.0
2.43,974240,2.11,10258416.0,2.28,1231997,1.12,4080090.0
2.15,1167537,1.87,13405597.0,2.05,1096158,0.99,4260766.0
1.76,1172811,1.6,10806579.0,1.82,811613,0.75,3991699.0
1.92,2033679,1.83,15875312.0,1.89,1613779,1.0,5463394.0
1.91,1712432,1.74,15496739.0,1.81,1341184,0.94,5354367.0
2.02,1673249,1.71,15580894.0,2.01,1285523,0.94,5448042.0
2.13,1499706,1.78,12860545.0,2.02,1266345,1.09,5338614.0
2.28,991771,1.91,10523739.0,2.25,971416,1.15,3889119.0
2.14,1228007,1.71,11217645.0,2.22,845385,0.96,4249941.0
1.78,1252648,1.49,9929189.0,1.74,690708,0.75,4251537.0
2.19,2131798,1.82,15345820.0,2.15,1374566,1.05,5571347.0
2.03,1712804,1.73,13725834.0,2.11,1085020,0.94,5084603.0
1.88,1985994,1.73,14594952.0,2.18,1055380,1.03,4902703.0
2.22,1585239,1.77,13611957.0,2.22,977536,1.14,4690063.0
2.4,1030801,1.95,9747557.0,2.4,859002,1.23,3606063.0
2.16,1302239,1.67,11810904.0,2.59,773075,1.15,3774958.0
1.75,1073001,1.41,8962360.0,1.79,561422,0.94,3255449.0
2.11,1687441,1.77,13614924.0,2.43,1155142,1.17,4424753.0
2.12,1573824,1.66,13227278.0,2.3,1014451,1.19,4484724.0
2.27,1530688,1.7,13198823.0,2.38,1047926,1.22,4635083.0
2.21,1383945,1.73,11868481.0,2.23,1123007,1.2,4492282.0
2.33,920589,2.0,8870692.0,2.4,892885,1.35,4069940.0
2.44,1117261,1.89,11587580.0,2.23,810095,1.21,3684873.0
2.04,985256,1.5,8191908.0,1.74,608884,0.99,3269864.0
2.41,1511434,2.02,13511543.0,2.13,1126168,1.27,4264498.0
2.26,1491638,1.87,12455851.0,1.89,1056661,1.16,4341176.0
2.43,1420366,1.95,12663859.0,2.04,1227843,1.36,4044043.0
2.44,1315830,1.93,12382891.0,2.27,1041580,1.18,3720225.0
2.56,890438,2.12,9230325.0,2.3,827032,1.48,3080101.0
2.49,1044459,1.98,11048633.0,2.07,735789,1.42,3517125.0
1.86,1006523,1.43,9217372.0,1.54,592258,1.22,2909780.0
2.35,1274197,2.02,12719109.0,1.96,1130537,1.4,3969361.0
2.29,1282964,1.77,12876111.0,1.95,933448,1.37,4153003.0
2.34,1175392,1.74,12741198.0,2.06,1040493,1.63,4080069.0
2.16,1459748,1.65,14047555.0,2.02,1072865,1.34,4623281.0
2.63,867074,2.0,8110625.0,2.08,798315,1.46,3420623.0
2.15,960885,1.87,9756219.0,1.98,686382,1.34,3396258.0
1.74,852666,1.5,9170905.0,1.56,560216,1.1,2879269.0
2.15,1280058,1.93,12413050.0,1.81,1089390,1.35,3800530.0
1.96,1503324,1.69,14279731.0,1.51,1363269,1.23,4428952.0
1.94,1692868,1.67,16366519.0,1.6,1363962,1.18,5050969.0
2.02,1169915,1.67,12700877.0,1.82,867466,1.24,3743453.0
2.17,830056,2.01,8696620.0,1.94,999648,1.45,3136720.0
2.16,827955,1.71,10513341.0,1.83,741784,1.45,2890691.0
1.66,751606,1.33,8075531.0,1.38,379957,1.23,2195463.0
2.21,1352612,1.73,12309825.0,1.75,979432,1.39,3690317.0
2.03,1195292,1.49,12694206.0,1.6,788616,1.44,3614234.0
2.19,1143425,1.46,12270181.0,1.83,653846,1.92,3186161.0
2.14,1156699,1.36,12737358.0,1.94,758788,2.02,3505017.0
2.48,803688,1.48,9871258.0,1.9,851563,1.89,2997134.0
2.26,935086,1.37,10520767.0,1.99,704625,1.88,3133369.0
1.94,680590,1.12,8547907.0,1.58,344027,1.75,2106195.0
2.4,1062541,1.45,11949021.0,1.99,780615,2.02,3319241.0
2.53,1154059,1.48,12899264.0,2.06,762216,1.98,3638219.0
2.7,1076221,1.41,11197179.0,2.15,617258,2.06,3342063.0
2.56,1254557,1.43,12816932.0,2.15,785286,1.97,3223980.0
2.78,1070126,1.57,11422058.0,2.13,624725,2.16,3050888.0
2.87,1033161,1.69,11450233.0,2.17,590225,2.16,2925658.0
2.69,717540,1.56,7594660.0,1.98,368614,1.92,2409983.0
3.56,596845,2.44,5921931.0,2.31,594158,2.36,2328175.0
5.33,11770,2.51,78483.0,2.48,4843,3.99,40208.0
3.17,42610,1.32,2060856.0,1.54,59796,1.64,841216.0
2.29,413151,1.5,7314761.0,1.88,239944,1.61,2360935.0
3.09,757183,1.9,10955549.0,2.0,523123,1.72,3373503.0
3.43,859926,1.98,11302906.0,2.11,543007,1.71,3300922.0
2.49,962983,1.56,9838795.0,1.59,298821,1.46,2287673.0
2.92,1495849,1.84,14187177.0,2.31,745876,1.62,3670010.0
2.63,1555882,1.75,15045934.0,2.4,599443,1.72,3846645.0
2.7,1337724,1.66,14101155.0,2.64,628126,2.05,3087103.0
2.57,1341759,1.49,14523592.0,2.97,600338,2.2,3222069.0
2.52,1116703,1.55,13016758.0,3.39,744085,2.44,3035407.0
2.43,1223369,1.65,13443145.0,3.19,586924,2.4,3052416.0
2.32,799693,1.31,8896927.0,2.18,322935,2.02,1998259.0
2.49,1086092,1.55,11968484.0,3.35,677285,2.9,2644202.0
2.46,1212162,1.42,13750650.0,2.94,602878,2.27,3348516.0
2.49,1169753,1.47,13342489.0,3.52,596979,2.61,2539954.0
2.5,1134466,1.23,21620447.0,3.26,622547,2.04,4493354.0
2.53,1158699,1.49,12533049.0,3.33,599685,2.81,2589914.0
2.71,958709,1.5,11990478.0,3.38,480134,2.74,2343096.0
2.53,831041,1.33,9789854.0,3.06,408859,2.18,1920438.0
2.72,1322214,1.49,15552851.0,3.76,743133,2.93,2529093.0
2.57,1446693,1.39,16558878.0,3.54,588074,2.57,2760663.0
2.55,1214802,1.47,16649652.0,3.36,611816,2.91,2250528.0
2.44,1459342,1.51,16019313.0,1.94,8555844,2.77,2650767.0
2.57,1232073,1.37,14455997.0,3.35,581694,3.01,2289548.0
2.87,1064257,1.47,13874378.0,3.41,480427,3.11,2108867.0
2.42,960036,1.26,12372520.0,2.86,291247,2.45,1621375.0
2.55,1400597,1.47,17636354.0,3.19,809436,3.07,2737823.0
2.28,1503566,1.34,18483943.0,3.05,600472,2.83,2640001.0
2.38,1374497,1.46,17590516.0,3.29,680299,3.11,2374179.0
2.39,1520854,1.43,19068992.0,2.98,653289,2.72,3151264.0
2.52,1190597,1.44,17072492.0,2.82,754236,3.02,2562418.0
2.64,1057205,1.48,19096574.0,3.33,517535,3.08,2215223.0
2.56,1023443,1.34,11604926.0,2.62,349099,2.46,2039055.0
2.44,1505766,1.56,17232841.0,3.14,652731,2.99,2854660.0
2.65,1607908,1.45,16706567.0,2.72,687827,2.44,3190468.0
2.57,1410361,1.53,15453658.0,2.93,693538,2.52,2816644.0
2.55,1344449,1.47,16799636.0,2.65,664135,2.17,2647240.0
2.45,1196798,1.41,17544954.0,2.56,615974,2.02,3263972.0
2.58,1185819,1.44,15133709.0,2.53,656971,2.14,2265113.0
2.01,1298634,1.35,11073807.0,2.03,361884,1.65,1905411.0
2.58,1404144,1.63,16690066.0,2.44,758682,2.25,3020187.0
2.55,1716558,1.38,20135583.0,2.1,844030,1.97,3242358.0
2.54,1247505,1.47,16011266.0,2.11,781102,1.91,2435982.0
2.29,1614979,1.43,17932151.0,1.93,869048,1.83,3165486.0
2.25,1392105,1.46,15724959.0,2.17,812802,1.95,2621290.0
2.63,1163736,1.57,15708888.0,2.39,690946,1.59,3510614.0
2.55,1019539,1.35,10969321.0,1.87,321748,1.57,1876992.0
2.7,1279222,1.61,16227549.0,2.35,761095,1.96,2541559.0
2.52,1285078,1.44,16068202.0,2.42,756320,1.73,2554185.0
2.58,1190263,1.53,15723529.0,2.42,623614,1.86,2348604.0
2.54,1214376,1.46,18424379.0,2.33,740726,1.72,2871023.0
2.67,1195580,1.49,17095587.0,2.85,750197,1.97,2428885.0
2.66,1040470,1.58,13709367.0,2.92,600997,1.96,2338742.0
2.56,1019775,1.5,10851627.0,2.03,354017,1.66,1752097.0
2.75,1456600,1.6,16968832.0,2.79,749199,1.88,3119734.0
2.76,1280395,1.51,16722425.0,2.64,737979,1.83,2637609.0
3.05,1130527,1.77,14801358.0,2.74,627081,1.9,2365716.0
2.9,1245581,1.88,11127421.0,2.75,667942,1.93,2671607.0
3.16,1016998,1.8,14041124.0,2.86,691773,2.05,2374593.0
3.11,1192786,1.82,13871340.0,2.74,562254,1.88,2268032.0
2.81,920777,1.69,10371596.0,2.68,322843,1.69,1644445.0
2.91,1535781,1.89,16151678.0,2.95,716088,2.03,2535009.0
2.99,1313961,1.68,17112149.0,2.82,663202,2.0,2574901.0
3.27,1385917,1.69,20083469.0,2.96,672899,1.96,2721980.0
3.29,932184,1.81,16078748.0,2.94,587930,2.02,2657187.0
3.0,1151139,1.91,15209227.0,2.85,728188,2.13,2468832.0
3.33,1088277,2.1,12305354.0,3.45,494666,2.03,1945916.0
3.35,906418,2.04,9187356.0,3.89,333508,1.81,1497278.0
3.56,1156474,2.51,13983943.0,3.63,616071,2.15,2377733.0
3.27,1345721,2.35,12445866.0,3.51,591327,1.99,2435844.0
3.34,1181774,2.37,13633330.0,3.37,703418,2.01,2425908.0
3.16,1302449,2.19,16850746.0,2.88,828738,1.85,3233423.0
3.34,1079218,2.75,10956905.0,3.45,639833,2.12,2413464.0
3.66,842244,2.42,10436800.0,3.58,512835,2.08,2169175.0
3.37,818179,2.44,7331427.0,3.57,383933,1.91,1692791.0
3.86,1085697,2.68,10753173.0,3.66,679821,2.13,2276760.0
3.8,1122395,2.59,10912596.0,3.48,702590,2.06,2547779.0
3.63,1025764,2.74,10178961.0,3.48,659366,2.05,2258479.0
3.86,959308,2.75,9922975.0,3.94,710507,2.44,2676748.0
3.42,886338,2.9,9118139.0,4.08,588619,2.68,2211907.0
3.77,787962,2.6,9587180.0,3.64,588723,2.33,2380369.0
3.4,675091,2.44,6614216.0,3.66,330294,2.06,1458962.0
3.84,1018048,2.86,10232684.0,3.68,730723,2.22,2606943.0
3.96,817420,2.67,9464217.0,3.65,683824,2.21,2408669.0
4.53,673789,2.97,9337997.0,3.67,679104,2.14,2570412.0
4.36,746756,2.77,9334586.0,3.72,646288,2.27,2625703.0
3.92,834172,3.06,8058790.0,3.6,666015,2.45,2300661.0
4.74,573056,2.97,7901424.0,3.97,622798,2.24,2683997.0
4.03,437621,2.63,6058418.0,3.18,382539,1.85,1889422.0
4.53,829436,3.19,10262189.0,3.92,857778,2.27,2604208.0
4.13,795308,2.83,9773273.0,3.58,724088,2.22,2504985.0
4.19,807252,2.96,9372281.0,3.66,762325,2.06,2416500.0
4.37,786228,2.95,10276107.0,3.81,691772,2.04,2402617.0
4.52,720531,3.04,9238636.0,4.26,775027,2.18,2470827.0
4.06,870015,3.26,8403134.0,4.78,804470,2.07,2527166.0
3.62,599556,2.58,6467311.0,3.64,468370,1.62,1449125.0
4.4,899434,3.1,10000903.0,4.3,998081,2.16,2694935.0
4.28,891641,2.65,10215136.0,4.31,880648,2.08,2608822.0
4.14,879186,2.84,10409558.0,4.41,896805,2.0,2758745.0
4.58,780562,2.71,9636087.0,4.6,899266,2.08,2634748.0
4.41,535680,3.14,6386260.0,5.01,850072,2.53,2122465.0
5.11,754391,2.65,9495137.0,5.05,941675,2.12,2836199.0
3.82,520328,2.56,6712354.0,4.74,711329,1.81,1843819.0
4.26,808828,2.97,7984987.0,5.12,1075874,2.45,2576633.0
4.93,601658,2.59,9737454.0,4.66,1071249,2.18,2719814.0
5.6,519554,2.42,11160670.0,5.08,946207,2.45,2771016.0
5.05,633737,2.61,11861177.0,5.25,1084842,2.26,2856491.0
4.94,517386,2.85,8559026.0,5.02,1175458,2.67,2448610.0
5.03,605696,2.66,9296358.0,5.55,1248655,2.39,2892437.0
4.48,424589,2.33,6863437.0,5.54,894723,2.63,1850534.0
5.2,699166,2.59,10938663.0,5.5,1356514,2.42,2930914.0
4.97,709420,2.28,11143605.0,5.37,1122083,2.51,2920014.0
5.31,703263,2.44,10209538.0,5.14,1274797,2.75,2856777.0
5.67,568415,2.35,10463327.0,5.67,1166081,2.75,3236040.0
5.62,577236,2.57,8448398.0,5.45,1159308,2.79,2493389.0
5.99,531241,2.25,9341738.0,5.61,1112831,2.77,2611577.0
5.41,416943,2.02,6543956.0,4.9,660296,3.02,1595165.0
6.14,680668,2.26,11296570.0,5.15,1481391,3.04,2655072.0
6.38,563111,2.18,9543885.0,4.73,1309715,2.55,3653181.0
5.19,755057,1.67,16194159.0,4.8,1401678,3.15,2538697.0
6.04,625734,2.1,10279643.0,4.34,1440421,3.39,2507673.0
6.14,462044,2.39,9114810.0,4.2,1707688,3.52,2216199.0
5.78,608679,2.21,9418171.0,4.2,1606364,3.71,2834308.0
5.21,340034,2.02,6395757.0,3.68,1107258,3.23,1911690.0
6.27,636954,2.32,9522217.0,3.94,1570986,3.65,2804325.0
5.96,617979,2.12,10613312.0,3.93,1557432,3.5,2738085.0
6.91,475374,2.23,10174583.0,4.02,1559773,3.73,3147053.0
5.94,578020,2.44,10090823.0,3.63,1887745,3.82,3062745.0
7.23,401738,2.49,8376507.0,4.0,1408803,4.24,2535513.0
6.7,462459,2.29,10442870.0,4.06,1661451,4.02,3304786.0
6.1,328802,2.31,7395000.0,3.9,1113061,3.81,2169453.0
7.44,604050,2.28,11147675.0,3.72,1732209,3.81,3364117.0
6.8,702730,2.14,13099989.0,3.86,1660391,3.44,3731689.0
7.48,561111,2.22,12675608.0,3.52,1468787,3.54,3727291.0
6.26,657237,2.22,11450439.0,3.52,1667223,3.45,3528057.0
7.36,405907,2.4,9192334.0,3.31,1367670,3.67,3010118.0
7.21,539134,2.18,11087230.0,3.29,1467057,3.14,3453084.0
6.22,297951,2.1,6488403.0,3.06,882522,3.08,2195081.0
7.2,645315,2.32,11482590.0,2.95,1623560,3.11,3413576.0
6.94,605935,2.31,11368717.0,2.85,1892129,3.41,3130005.0
7.4,539546,2.55,9715135.0,3.64,1327988,3.76,3044924.0
7.04,610841,2.7,10711428.0,3.51,1524210,3.89,3102326.0
7.71,425198,2.89,8750082.0,4.05,1295987,4.57,2263101.0
7.52,592095,2.55,11040727.0,4.09,1335854,4.43,3080004.0
6.09,370609,2.53,7642401.0,3.41,961606,4.44,1932126.0
7.13,762983,2.55,12592233.0,4.21,1611810,4.93,3046444.0
7.31,692601,2.52,13456997.0,3.98,1360523,4.31,2891122.0
6.79,642669,2.5,15306170.0,4.26,1731223,4.42,3487873.0
6.55,632915,2.76,12353011.0,4.11,1757731,4.69,3282009.0
7.1,448338,3.0,9099529.0,4.2,1327243,5.22,2157605.0
7.06,565069,2.96,11205154.0,4.36,1390206,5.3,2737491.0
6.16,340607,3.01,7198059.0,4.43,948082,4.89,1873923.0
7.25,647976,2.98,11287417.0,4.49,1479487,6.15,2522813.0
6.7,607263,2.92,11659815.0,4.47,1100295,5.95,2247191.0
6.99,650936,2.79,12003261.0,4.75,1101660,6.67,2139863.0
6.63,591336,2.88,9992631.0,4.7,1032978,6.25,1797377.0
7.1,384937,3.03,7442593.0,4.93,915367,6.13,1977118.0
6.11,599637,2.73,11461675.0,4.9,887889,6.18,2585267.0
6.79,353245,2.9,5023855.0,4.48,525077,6.51,1332020.0
6.36,869464,2.94,11636852.0,5.48,1147189,7.28,2396759.0
6.17,889574,3.0,10876390.0,5.11,1361244,6.13,2858492.0
7.3,787053,3.01,11010722.0,5.69,1163759,6.35,3017517.0
6.84,630485,3.04,11195819.0,5.69,1236440,6.71,2560629.0
6.03,784555,3.02,10171463.0,5.16,1232726,5.88,2692863.0
7.21,163378,2.93,4163042.0,5.84,439287,6.51,1120192.0
5.99,377351,3.4,4964370.0,4.92,763289,6.82,1423448.0
8.41,663090,4.0,8464807.0,5.3,1463299,8.05,2163989.0
8.29,579925,4.23,8269696.0,5.23,1116596,7.38,2089791.0
8.19,635654,4.29,9199035.0,4.91,1348044,7.19,2332970.0
7.76,566293,3.96,8622087.0,5.37,1269311,6.54,2996097.0
8.01,440962,4.5,8349278.0,5.72,1408942,7.56,1956742.0
8.39,538038,4.6,8351148.0,5.18,1306776,6.22,2380551.0
6.69,448329,4.5,5921219.0,4.98,1013852,5.74,2040783.0
9.16,636166,4.87,8177345.0,5.08,1495081,5.79,2307438.0
8.22,493508,4.75,7564217.0,4.97,1130420,5.18,2196433.0
8.84,503759,4.76,7703088.0,5.39,1174706,5.2,2522785.0
8.58,492712,3.86,9923242.0,5.59,1091935,4.37,3931537.0
9.47,342379,4.54,7617489.0,5.83,1161395,5.8,1841796.0
9.47,515877,4.28,8173752.0,5.75,980497,5.96,2375273.0
8.38,375115,4.17,4685932.0,6.1,666350,5.57,1359997.0
10.18,641433,4.55,7363693.0,6.37,1209046,6.46,2283914.0
10.0,563858,4.44,6508539.0,6.86,961533,6.42,1915027.0
11.0,533663,4.62,6983567.0,6.92,953979,6.61,2122091.0
9.99,461792,4.58,6265651.0,6.98,890787,6.41,1784479.0
10.29,335202,4.82,4841148.0,6.27,1145820,7.39,1575016.0
11.32,502576,5.18,6771855.0,7.49,1114460,7.36,1890670.0
9.04,297751,4.03,5386472.0,5.91,1166809,6.1,1420829.0
13.05,569092,5.11,6288354.0,6.86,1838469,7.71,1944010.0
12.32,360371,4.51,5235754.0,5.94,1662780,8.05,1364408.0
9.71,1027858,4.7,5782673.0,8.25,844397,7.74,1875065.0
10.92,677421,4.55,5712333.0,10.3,629458,7.95,1879096.0
11.59,436158,5.04,4710725.0,10.37,591574,8.15,1421231.0
11.95,357891,5.44,5005920.0,9.91,452698,8.5,963449.0
11.95,357891,5.44,5005920.0,9.91,452698,8.5,963449.0
14.82,669871,5.73,7734428.0,11.4,658348,8.86,2396237.0
13.87,536286,5.93,6913182.0,11.2,622813,8.72,2114249.0
14.5,580702,5.85,7100176.0,12.07,611552,10.18,1856316.0
13.35,437723,5.8,6208789.0,11.85,451958,12.32,1174499.0
11.34,413411,6.07,5811227.0,12.06,580579,9.82,1782751.0
13.07,507731,6.76,6275475.0,11.33,734071,11.78,1638574.0
12.88,296570,5.9,4872041.0,10.45,439686,11.71,1020913.0
15.43,666076,7.39,5601007.0,12.43,624856,11.85,1693147.0
14.36,532092,7.41,5524978.0,11.57,781662,11.57,1940526.0
13.3,531556,7.49,6471345.0,10.84,962406,9.12,2260774.0
14.89,515862,7.32,5952870.0,11.24,760364,8.18,2105945.0
13.75,352927,7.37,5791127.0,11.13,662408,8.96,1714958.0
12.4,529331,7.32,6489500.0,10.87,862050,9.16,1861922.0
10.87,291728,6.79,4192780.0,10.1,570522,7.72,1500496.0
11.84,675602,7.07,7071027.0,11.75,956198,8.19,2607247.0
11.34,553090,6.5,6951411.0,11.26,821695,8.4,2114407.0
11.71,501109,6.73,6898605.0,10.81,975003,7.88,2266646.0
12.48,414300,6.55,6419208.0,11.57,884987,8.35,2105104.0
12.55,325177,7.85,5393944.0,10.43,875695,8.58,1550373.0
13.54,419353,7.28,6757868.0,10.81,783647,8.13,2084717.0
12.33,293400,6.93,4448285.0,9.4,675167,7.42,1457235.0
15.04,792553,7.34,6732220.0,11.32,979106,7.85,1943375.0
15.54,608239,7.19,6335285.0,10.34,893208,7.69,1909186.0
13.15,583427,6.72,6968919.0,9.95,1210881,7.26,2224033.0
12.65,486484,6.45,5489509.0,9.16,920824,7.07,1708092.0
12.84,324979,6.46,6256722.0,8.73,1081325,7.93,1361772.0
11.61,548899,5.47,7736754.0,7.52,996482,6.72,1986656.0
9.72,356164,4.37,5851779.0,6.45,874153,6.0,1083787.0
10.95,722604,5.11,8002672.0,6.54,1280775,7.18,2034060.0
10.335,539384,4.74,6927225.5,6.495,1077464,6.59,1558923.5
11.05,667879,4.71,8261599.0,6.28,932325,6.25,2236198.0
10.61,436121,4.6,6931767.0,5.91,1103863,7.56,1421653.0
12.07,403188,5.72,5404459.0,7.23,908006,9.9,1035083.0
11.46,641002,5.56,7174209.0,7.09,814621,9.3,1219539.0
12.17,385834,5.52,4927331.0,6.52,756200,9.05,605490.0
13.87,910732,5.73,9001446.0,8.18,881232,9.74,1977256.0
13.41,717252,5.66,8963083.0,7.92,1136141,11.13,1250360.0
13.39,760111,5.76,8501699.0,8.15,982112,10.32,2014839.0
12.24,601140,5.57,7898656.0,8.23,1262142,9.33,1820251.0
12.75,380603,4.7,10599947.0,8.5,902242,7.82,2065900.0
14.86,458373,5.54,6770485.0,8.66,995510,10.83,1094646.0
12.31,301278,5.33,4457231.0,7.65,684823,9.25,724538.0
15.2,594152,5.96,7890623.0,8.17,1008837,10.2,1652749.0
14.43,482300,5.9,7833560.0,6.98,1036321,8.24,1746527.0
15.16,616576,6.69,6961867.0,6.7,900768,7.95,1532569.0
11.57,760413,6.39,8428587.0,6.38,1081241,6.72,2130240.0
15.18,464441,7.46,6600026.0,6.15,1162046,7.89,1766073.0
15.88,412913,5.95,8837072.0,6.82,904939,6.47,1812110.0
14.65,328395,7.38,4459902.0,6.66,525789,6.39,1286493.0
17.15,676416,8.2,7185483.0,8.12,1080793,7.29,2327120.0
16.63,486245,9.16,6209571.0,8.33,1033314,6.55,2241451.0
18.11,614421,9.06,7231137.0,8.86,1081894,6.12,2345702.0
17.67,514909,9.69,6839736.0,8.73,1234157,6.47,2234860.0
14.97,564390,10.27,5125645.0,8.87,1194873,6.95,2350846.0
18.49,540214,9.87,6774642.0,8.01,1356879,6.18,1932108.0
16.43,289560,10.21,3946288.0,8.63,928013,5.56,1461854.0
19.19,562979,12.07,6698172.0,8.99,1624391,6.2,2350728.0
17.75,497847,11.94,6267068.0,8.85,1451330,5.57,2330353.0
18.93,455199,11.37,7280515.0,8.33,1735254,5.84,2480829.0
18.01,474079,11.08,7173595.0,8.11,1646414,5.98,2890001.0
18.92,359098,12.58,5504312.0,7.7,1809636,6.83,2345104.0
19.72,321688,11.47,5938296.0,7.41,1565356,6.67,2117896.0
18.38,266101,10.08,5178448.0,6.46,1291561,5.77,2153497.0
21.95,530592,12.02,8635001.0,7.14,2390330,7.04,3435266.0
23.19,431568,11.44,7860189.0,6.88,2011833,7.23,2652711.0
25.01,546979,10.95,8559300.0,7.09,1935937,6.62,3435865.0
24.54,434151,10.64,8061745.0,6.76,1793024,6.93,2964457.0
25.64,330574,11.25,6294453.0,7.5,1945024,7.71,2570609.0
24.85,576720,9.15,8755315.0,6.66,1792610,6.67,2587197.0
18.92,382974,8.47,5357500.0,6.04,1331764,5.61,2326640.0
21.41,735481,8.94,9518857.0,5.67,1999639,6.19,3404578.0
18.12,569544,8.93,7990613.0,5.09,1868654,5.54,3612479.0
19.67,597434,8.38,9606318.0,5.09,2294302,5.55,3783179.0
17.07,582355,8.78,9748400.0,5.52,2005514,5.56,3376965.0
17.79,397224,9.14,8521308.0,6.39,2103141,6.42,2930692.0
18.48,562976,8.79,9688331.0,6.13,1831029,5.98,3213149.0
15.99,415381,7.95,6239476.0,5.47,1394520,4.94,2715713.0
18.68,797283,8.49,9874594.0,5.43,2390785,5.79,3922988.0
17.21,726923,7.59,9053704.0,5.19,2602602,5.22,3689167.0
15.0,683471,7.41,9063176.0,5.1,2300244,5.59,3760253.0
13.27,729098,7.9,8394806.0,4.84,2491677,5.22,3710741.0
12.46,591162,8.4,7349708.0,5.08,2193307,5.53,3236258.0
13.27,761763,7.64,9129796.0,5.24,2688838,4.96,3691400.0
10.2,590547,6.91,5972958.0,4.4,1631124,4.08,3653485.0
10.72,1048544,7.42,10652579.0,4.72,2608868,4.13,5248704.0
10.62,978505,7.16,10753740.0,4.03,2539620,3.56,5345761.0
9.85,1103737,7.05,11075485.0,4.15,2598799,3.6,6335457.0
9.41,1241691,7.49,11707877.0,3.86,2484702,3.61,5631031.0
9.49,965531,8.14,10553315.0,3.83,2710200,3.92,6853133.0
10.73,904134,8.03,9221179.0,4.19,2540859,3.89,5012123.0
11.84,172215,9.97,1913744.0,3.81,513491,4.51,1401902.0
14.18,28914,11.3,483415.0,6.05,143930,4.51,894353.0
7.84,206110,7.31,1981031.0,2.59,491852,2.08,3554166.0
7.03,884172,8.58,7050972.0,2.55,2443325,2.06,5935381.0
7.04,1334514,8.86,9841359.0,2.98,2605087,2.11,6503400.0
7.035,1109343,8.719999999999999,8446165.5,2.7649999999999997,2524206,2.085,6219390.5
6.8,2370921,8.46,9870602.0,3.17,2389441,1.86,5740064.0
5.8,3420921,7.19,6892306.0,3.06,1346601,1.74,4413039.0
4.98,3774306,8.38,9586218.0,3.51,2402873,2.18,5222371.0
5.26,3758254,7.81,9229677.0,3.8,2347229,2.17,5682198.0
4.98,4720829,7.13,12198097.0,4.11,2395479,2.42,5989326.0
4.83,4249829,7.77,9365101.0,4.4,2518118,2.44,6042890.0
4.94,4318201,8.44,8114867.0,4.33,1896556,2.42,5115873.0
4.92,5752552,8.14,8484148.0,4.77,2012886,1.94,5290764.0
4.17,1037919,7.13,6984455.0,3.57,1317835,1.56,5360827.0
4.18,4522868,6.9,13379114.0,4.02,2308500,1.78,6456789.0
4.42,1486119,7.32,10918799.0,3.9,2331266,1.64,6123382.0
4.19,1527279,7.26,11012102.0,3.82,2367862,1.65,6720963.0
3.98,1473155,7.17,10605471.0,3.52,2592869,1.51,6464711.0
4.42,1121021,8.42,8190992.0,3.91,2024095,1.94,6197803.0
4.02,1414365,7.3,10402438.0,3.54,2142344,1.4,5464583.0
3.51,1156165,6.47,7470895.0,2.96,1198910,1.18,4265472.0
3.92,1584639,7.18,11305561.0,3.12,2297321,1.62,5540382.0
3.89,1573978,6.59,10948923.0,3.28,2158184,1.33,5974521.0
4.0,1603410,6.56,12079884.0,3.73,2206894,1.49,6192703.0
3.84,1564351,6.33,12122584.0,3.22,1897559,1.46,5968381.0
4.22,1190424,6.8,8958088.0,3.6,1803321,1.6,5257372.0
3.95,1469204,5.79,11140863.0,3.9,1699499,1.51,5472964.0
3.14,1163895,4.76,7537163.0,2.58,916490,1.23,4536334.0
3.98,1717310,5.61,12181699.0,3.59,1879116,1.53,5624411.0
3.73,1810027,5.26,12090155.0,3.39,1911843,1.44,6566588.0
3.79,1546375,5.0,13027953.0,3.33,1613869,1.49,5449232.0
3.76,1742268,4.6,14057490.0,3.39,1738311,1.5,6162971.0
4.05,1106168,5.31,9992077.0,3.41,1582967,1.63,4665993.0
3.71,1293277,4.52,13048188.0,3.27,1694338,1.54,5177166.0
3.22,1123689,3.89,9319249.0,2.82,931719,1.27,3805264.0
4.06,1762605,4.11,14247778.0,3.59,1731776,1.56,5935205.0
3.7,1691304,3.65,13624874.0,2.99,1395042,1.7,5360576.0
3.78,1632629,3.58,15412907.0,3.47,1575824,1.88,6116004.0
3.59,1702568,3.48,15335842.0,3.41,1530359,1.92,5691442.0
3.68,1224418,3.77,12599904.0,3.41,1233536,2.07,4289726.0
3.98,1314591,3.17,12698323.0,3.4,1013079,2.02,4519842.0
3.5,1310111,2.74,8394550.0,2.98,657592,1.77,3275347.0
4.49,1705755,3.06,13607797.0,3.21,1311712,2.16,4670928.0
4.43,1570018,3.22,12803358.0,3.35,1140949,2.08,4616899.0
4.41,1520168,3.09,13616177.0,3.54,998127,2.48,4169675.0
4.23,1714378,2.74,17006130.0,3.66,1153430,2.25,4395760.0
4.9,1125445,3.4,10214766.0,4.06,962360,2.73,4074915.0
4.6,1181437,2.85,12156460.0,3.95,1134995,2.6,3776458.0
3.52,980512,2.54,8100959.0,3.0,582334,2.19,2776240.0
4.51,1465123,3.13,13406164.0,4.48,1267049,2.6,4758529.0
4.53,1365548,3.37,12108978.0,4.24,1183891,2.79,4222844.0
4.57,1179425,3.61,12763309.0,4.09,1227139,2.51,4622543.0
4.61,1604835,3.43,13422249.0,3.89,1224535,2.33,4700314.0
5.35,1004238,3.98,12822780.0,4.73,1339879,2.67,3900380.0
5.83,936771,3.33,16359018.0,4.16,1040968,2.42,3922191.0
4.54,867080,3.14,9420878.0,3.14,524638,1.97,2864959.0
6.42,1313313,3.25,20932900.0,4.49,1214271,2.03,6157062.0
5.97,1350374,3.44,17164125.0,4.01,1001411,2.24,4482134.0
6.28,1289401,3.44,14224658.0,4.39,1014554,2.63,3906109.0
5.92,1524849,3.33,15771784.0,3.83,1289244,2.57,5002514.0
6.35,1156362,3.88,11688440.0,4.52,1115609,3.1,3255794.0
6.43,1109856,3.82,10928531.0,4.12,988733,2.69,4594424.0
5.72,866348,2.99,8440920.0,3.23,501087,2.74,2649439.0
5.83,1695338,3.42,16130586.0,4.29,1115249,3.35,3868912.0
6.85,1393872,3.52,16104521.0,3.99,1019709,3.1,4600409.0
7.3,1431243,4.01,14741521.0,4.14,924463,3.6,3976663.0
8.25,1100559,3.67,18496247.0,3.96,1088069,3.79,4283892.0
10.17,684180,5.62,6317396.0,4.59,819922,4.21,2796961.0
18.06,5246,12.32,71181.0,8.67,7137,6.95,75573.0
8.46,58213,5.66,771797.0,3.6,98619,3.71,549395.0
6.89,275543,4.37,4421718.0,3.19,318148,2.66,1955184.0
7.39,791870,4.41,9907938.0,3.27,634380,2.53,3686687.0
8.22,1154259,5.19,11239480.0,3.55,1035111,2.81,3958096.0
7.88,1222355,4.51,12780604.0,3.58,1010459,2.49,4062891.0
8.02,1016283,4.77,10126589.0,3.94,1132971,2.45,3475364.0
7.97,1018392,5.03,8982251.0,3.12,765789,2.46,3194527.0
5.57,937248,3.66,8971220.0,2.82,481201,2.24,2167979.0
7.17,1229250,4.92,10881298.0,3.26,909036,2.65,3484589.0
6.58,1216264,4.35,12261901.0,3.25,789128,2.73,3122294.0
6.73,1169472,4.54,12501193.0,3.68,758065,2.9,3719920.0
6.14,1368567,4.55,13004019.0,3.39,876681,2.99,3774506.0
6.98,956980,4.94,9835355.0,4.7,869054,3.07,3176977.0
6.89,1013468,4.76,10276972.0,3.95,667311,3.19,3503062.0
5.51,907810,4.29,8014584.0,3.26,439989,2.75,2145923.0
7.3,1257699,5.42,10704426.0,4.3,868734,3.5,3045952.0
7.26,1115366,4.98,10600533.0,3.79,849587,3.18,3656768.0
6.82,1153923,3.74,22820847.0,3.76,765950,3.48,3034816.0
6.72,1424628,3.81,19017468.0,3.75,962446,3.62,3973941.0
5.96,1460233,4.24,17103852.0,4.51,969104,3.74,3587123.0
6.77,916264,4.84,9647040.0,3.8,748356,3.27,3394352.0
6.19,859087,3.92,7661138.0,3.17,487318,2.64,2281901.0
7.95,1221774,4.97,10075083.0,4.0,924406,3.53,3124908.0
7.02,1297213,4.22,12911529.0,3.51,925213,2.99,3303875.0
7.99,1158092,4.39,11194108.0,3.78,827200,3.37,3172258.0
7.36,1197302,4.24,12034099.0,4.16,941584,3.42,3502915.0
6.7,1123356,4.41,9912047.0,3.98,1233338,3.29,3143776.0
6.69,943306,4.35,9266979.0,3.9,692037,3.36,2922798.0
6.34,1171591,3.28,8193641.0,3.05,566626,2.64,2232125.0
6.84,1268193,3.98,11869725.0,3.71,983308,3.45,3284729.0
6.54,1284468,3.48,12621110.0,3.56,787592,3.01,3303700.0
6.77,1360458,3.91,12241587.0,3.6,816290,3.5,3512371.0
6.42,1564149,3.49,13062315.0,3.38,913066,3.42,3725628.0
6.43,1422186,3.63,10906493.0,3.78,859786,3.28,2812418.0
6.23,1275793,3.62,9954534.0,4.21,650984,3.5,2459220.0
6.79,1334026,2.77,9298441.0,2.97,492839,2.43,2114558.0
6.63,1375516,3.46,12626792.0,3.44,1014686,3.29,3062943.0
6.38,1414232,3.09,13743652.0,3.88,940018,2.92,3209799.0
6.78,1666126,3.2,14530592.0,3.74,932397,3.12,3014967.0
6.09,1611346,3.03,15849198.0,3.42,899505,3.44,3126508.0
6.62,1579658,3.08,15151521.0,3.39,969827,3.24,2795137.0
7.09,1449515,3.14,13202685.0,3.94,734359,3.43,2486661.0
6.48,1333046,2.57,11561127.0,3.96,561799,2.48,2241589.0
6.99,1576978,3.07,15914029.0,3.88,974998,3.55,3274296.0
6.37,1576872,2.88,17742981.0,3.71,902450,2.98,3059340.0
6.48,1673014,3.05,16361179.0,3.59,895122,3.22,3025264.0
5.96,1380004,3.05,16151199.0,3.5,874202,2.83,3105286.0
7.05,2267244,2.98,15704833.0,3.5,919213,3.31,3122622.0
7.34,1223890,3.21,12899854.0,3.82,715917,3.12,2652978.0
6.44,1240876,2.7,10608116.0,2.97,483999,2.54,1898421.0
7.1,1670918,3.37,16695402.0,3.72,999888,3.16,3226660.0
6.63,1704428,3.06,18733180.0,3.59,927017,2.92,3172596.0
6.91,1656130,3.16,18587370.0,3.46,984023,2.87,3533598.0
6.76,1542367,3.18,17132274.0,3.54,931485,2.96,3009850.0
6.76,1542367,3.18,17132274.0,3.54,931485,2.96,3009850.0
8.26,1435825,3.31,16211174.0,3.82,688191,3.34,2560840.0
6.72,1348581,2.58,12128536.0,2.89,556917,2.53,2020890.0
7.43,1589647,3.16,17206833.0,3.69,1013376,3.11,3139349.0
7.11,1676933,2.94,18343093.0,3.65,990286,3.22,2972693.0
7.64,1479528,3.25,16932894.0,3.95,789394,3.46,3057316.0
7.54,1798361,3.18,17569101.0,3.96,825629,3.32,2872250.0
8.26,1564490,3.24,17389734.0,4.03,863685,3.27,2732749.0
8.45,1470418,3.26,15572806.0,4.42,741997,3.71,2306523.0
7.91,1275749,2.8,12173403.0,3.16,483159,2.92,1563136.0
8.35,1581074,3.52,15890875.0,4.66,952385,3.96,2699207.0
8.66,1391259,3.37,17529886.0,4.54,929687,3.67,2653007.0
8.6,1500391,3.62,18134262.0,4.61,981238,3.95,2786735.0
8.82,1520634,3.58,18630593.0,4.27,982171,3.78,2964959.0
8.82,1274742,3.8,14461576.0,5.17,781072,4.02,2506120.0
9.01,1257650,3.86,14100955.0,5.28,685677,4.6,2045121.0
8.34,1014000,3.43,11541959.0,4.1,404504,3.39,1706947.0
9.55,1464885,3.87,16180914.0,5.12,1070848,4.25,2832123.0
9.47,1544409,3.79,16069177.0,5.24,1008173,4.18,2939785.0
9.13,1311259,3.96,15985307.0,5.23,825707,4.27,2824889.0
9.29,1369570,3.98,14882352.0,5.45,850422,4.28,2935452.0
10.13,1055790,4.16,12849724.0,5.66,785773,4.59,2405719.0
10.12,1035794,4.34,12420759.0,6.36,675458,4.59,2232850.0
8.44,963491,3.76,10718057.0,4.44,386446,3.55,1612884.0
9.01,1393423,4.3,15998205.0,6.34,833102,4.93,4011589.0
8.97,1310695,4.13,17406154.0,6.32,765036,4.41,2481843.0
8.77,1349141,4.34,14241258.0,6.4,855597,4.68,2434197.0
8.28,1445587,4.38,15444411.0,5.98,947518,4.77,2427561.0
9.11,1132651,4.52,15743651.0,6.63,844705,4.88,3214397.0
10.24,972949,4.74,11784846.0,7.9,644376,5.8,2247166.0
8.27,852447,4.09,9880991.0,5.52,487525,3.96,2219780.0
10.56,996894,4.57,17331428.0,7.14,810397,5.41,2907476.0
9.62,1034608,5.05,13164143.0,8.03,720914,5.36,2756835.0
7.81,1485703,5.31,12739158.0,7.37,687500,4.81,2732218.0
8.81,1139840,5.38,12803382.0,7.72,647148,5.18,2728949.0
10.56,723830,5.89,11013148.0,8.47,771583,4.97,2293624.0
9.52,708129,5.91,10169895.0,8.85,1107885,5.59,2371530.0
7.93,608062,5.23,7246748.0,6.22,302121,4.12,1270667.0
9.85,1052768,5.36,12406294.0,8.19,884797,5.38,2380492.0
8.76,1036881,5.32,11097208.0,8.18,691279,5.12,2332071.0
8.88,1051123,5.32,10567766.0,7.42,818585,5.09,2370352.0
8.05,1144173,5.23,10860850.0,8.08,870753,6.27,2322130.0
9.15,863702,5.6,9725191.0,9.14,700825,6.24,2518677.0
8.45,825432,5.66,9006209.0,8.39,722209,6.49,2103847.0
6.96,541607,4.6,5757036.0,6.68,551602,5.01,1523925.0
8.61,993103,5.41,9292159.0,8.08,951711,5.91,2999023.0
8.37,910759,5.17,9937895.0,8.11,793420,5.52,2477139.0
8.43,953098,4.93,10494677.0,7.73,731798,6.02,2209850.0
7.73,1063749,4.89,10636753.0,7.46,755974,5.58,2676062.0
8.32,891263,5.87,8846435.0,8.01,955770,6.23,2118803.0
7.72,867001,5.67,8526813.0,7.87,703194,5.88,2105007.0
7.42,662524,4.6,6779920.0,7.16,452803,4.71,1392314.0
8.3,1035261,5.93,10026145.0,8.45,990938,5.98,2495103.0
7.79,1123402,5.4,9691657.0,8.29,774158,5.53,2128276.0
8.36,1088252,5.58,10159397.0,8.35,1085938,5.99,1991024.0
7.79,1155985,5.7,10537544.0,9.24,1057159,6.37,2195780.0
8.73,749705,6.89,7744254.0,9.91,881409,8.05,1751438.0
8.75,475678,6.64,6640753.0,10.43,676917,7.26,1775200.0
7.08,563968,5.85,6002611.0,8.3,622745,6.09,1554792.0
9.16,1010248,7.23,10678737.0,10.26,1302186,8.32,2745663.0
8.51,867760,6.67,9981401.0,9.73,1277085,7.74,3184778.0
9.02,865099,7.87,8135437.0,11.0,1095021,9.04,2309352.0
9.5,882024,7.83,8291692.0,8.86,1545821,8.3,2607311.0
9.45,632787,9.15,6285413.0,10.45,1102259,7.97,2082329.0
9.34,832927,8.81,7422377.0,10.64,1067181,7.38,2828124.0
8.39,540290,6.7,5540632.0,9.01,736724,6.12,1636478.0
9.41,831750,9.71,8041356.0,10.88,1279444,6.76,2912768.0
8.88,847852,9.15,7349493.0,10.31,1250218,6.03,3188660.0
8.8,843175,9.35,7894487.0,10.01,1144916,6.01,3926643.0
9.21,815023,8.43,9271224.0,10.68,1475854,6.28,3105886.0
10.18,631928,9.63,6484624.0,9.62,1293472,6.8,2852480.0
9.61,817047,8.75,7470040.0,10.81,1383515,6.62,2952062.0
7.61,436629,6.64,4779244.0,8.61,814670,5.73,1616176.0
10.71,777716,8.65,8173220.0,10.47,1663501,7.23,2886078.0
9.32,754955,8.53,6982366.0,10.69,1483012,7.23,2569743.0
9.26,852679,8.38,8286021.0,10.39,1474725,7.14,2837879.0
9.49,664196,8.2,8073372.0,10.53,1428448,6.92,3013564.0
9.45,582227,9.25,6660887.0,10.76,1359143,6.43,3559475.0
10.17,670282,8.41,7711106.0,10.06,1512864,6.73,3338834.0
8.68,368244,6.9,5036449.0,8.66,990917,6.28,2208383.0
10.32,821323,8.03,8760375.0,9.51,1767437,7.01,3924857.0
9.14,778422,7.37,9341436.0,8.6,1795325,6.76,4041875.0
9.45,789316,7.76,9015330.0,7.92,1527696,6.66,3865500.0
8.92,772243,7.18,9379262.0,8.15,1414631,6.85,3910013.0
8.71,671747,7.27,8025360.0,7.54,1450911,5.82,4256715.0
